time,x,y,heading,speed,acceleration,lateral_velocity,lateral_acceleration,slip_angle,steering_angle,throttle,brake_pedal,brake_pressure_front,brake_pressure_rear,propulsion_force,drag_force,rolling_resistance,braking_force,lateral_force
0,0,0,0,0,0,0,0,0,0,0,0,0,0,0,0,0,0,0
0.01,0,0,0,0,0,0,0,0,0,0,0,0,0,0,0,0,0,0
0.02,0,0,0,0.001333333333,0.1333333333,0,0,0,0,0.02,0,0,0,40,0,0,0,0
0.03,1.333333333e-05,0,0,0.002528368283,0.119503495,0,0,0,0,0.04,0,0,0,79.99604938,8.96e-07,44.145,0,0
0.04,3.861701616e-05,0,0,0.005056493602,0.252812532,0,0,0,0,0.06,0,0,0,119.9887628,3.221893672e-06,44.145,0,0
0.05,8.918195219e-05,0,0,0.008917327693,0.386083409,0,0,0,0,0.08,0,0,0,159.9700356,1.288633629e-05,44.145,0,0
0.06,0.0001783552291,0,0,0.01411029121,0.5192963521,0,0,0,0,0.1,0,0,0,199.9339457,4.007744152e-05,44.145,0,0
0.07,0.0003194581413,0,0,0.02063460704,0.6524315828,0,0,0,0,0.12,0,0,0,239.8745752,0.0001003465603,44.145,0,0
0.08,0.0005258042117,0,0,0.02848930027,0.785469323,0,0,0,0,0.14,0,0,0,279.7860115,0.0002145966519,44.145,0,0
0.09,0.0008106972144,0,0,0.03767319827,0.9183897999,0,0,0,0,0.16,0,0,0,319.662349,0.0004090666759,44.145,0,0
0.1,0.001187429197,0,0,0.04818493078,1.051173251,0,0,0,0,0.18,0,0,0,359.4976907,0.0007153120134,44.145,0,0
0.11,0.001669278505,0,0,0.06002293008,1.18379993,0,0,0,0,0.2,0,0,0,399.2861492,0.001170180928,44.145,0,0
0.12,0.002269507806,0,0,0.07318543117,1.316250109,0,0,0,0,0.22,0,0,0,439.0218485,0.001815787076,44.145,0,0
0.13,0.003001362118,0,0,0.08767047205,1.448504087,0,0,0,0,0.24,0,0,0,478.6989257,0.002699478097,44.145,0,0
0.14,0.003878066838,0,0,0.103475894,1.580542193,0,0,0,0,0.26,0,0,0,518.3115316,0.003873800281,44.145,0,0
0.15,0.004912825778,0,0,0.1205993419,1.71234479,0,0,0,0,0.28,0,0,0,557.8538333,0.00539645936,44.145,0,0
0.16,0.006118819196,0,0,0.1390382647,1.843892281,0,0,0,0,0.3,0,0,0,597.3200146,0.007330277435,44.145,0,0
0.17,0.007509201843,0,0,0.1587899159,1.975165117,0,0,0,0,0.32,0,0,0,636.7042782,0.009743146079,44.145,0,0
0.18,0.009097101002,0,0,0.1798513538,2.106143795,0,0,0,0,0.34,0,0,0,676.0008466,0.01270797564,44.145,0,0
0.19,0.01089561454,0,0,0.2022194425,2.236808871,0,0,0,0,0.36,0,0,0,715.2039639,0.01630264077,44.145,0,0
0.2,0.01291780896,0,0,0.2258908521,2.367140958,0,0,0,0,0.38,0,0,0,754.3078972,0.02060992228,44.145,0,0
0.21,0.01517671749,0,0,0.2508620594,2.497120734,0,0,0,0,0.4,0,0,0,793.3069377,0.02571744524,44.145,0,0
0.22,0.01768533808,0,0,0.2771293489,2.62672895,0,0,0,0,0.42,0,0,0,832.1954026,0.03171761352,44.145,0,0
0.23,0.02045663157,0,0,0.3046888132,2.755946428,0,0,0,0,0.44,0,0,0,870.967636,0.03870754072,44.145,0,0
0.24,0.0235035197,0,0,0.3335363539,2.884754073,0,0,0,0,0.46,0,0,0,909.6180108,0.04678897754,44.145,0,0
0.25,0.02683888324,0,0,0.3636676827,3.013132871,0,0,0,0,0.48,0,0,0,948.1409296,0.0560682357,44.145,0,0
0.26,0.03047556007,0,0,0.3950783217,3.141063902,0,0,0,0,0.5,0,0,0,986.5308266,0.06665610844,44.145,0,0
0.27,0.03442634328,0,0,0.427763605,3.268528335,0,0,0,0,0.52,0,0,0,1024.782168,0.07866778765,44.145,0,0
0.28,0.03870397933,0,0,0.4617186795,3.395507443,0,0,0,0,0.54,0,0,0,1062.889456,0.0922227777,44.145,0,0
0.29,0.04332116613,0,0,0.4969385055,3.521982601,0,0,0,0,0.56,0,0,0,1100.847225,0.107444806,44.145,0,0
0.3,0.04829055118,0,0,0.5334178584,3.647935292,0,0,0,0,0.58,0,0,0,1138.650049,0.1244617306,44.145,0,0
0.31,0.05362472977,0,0,0.5711513295,3.773347114,0,0,0,0,0.6,0,0,0,1176.29254,0.1434054443,44.145,0,0
0.32,0.05933624306,0,0,0.6101333273,3.898199782,0,0,0,0,0.62,0,0,0,1213.769346,0.164411776,44.145,0,0
0.33,0.06543757634,0,0,0.6503580787,4.022475135,0,0,0,0,0.64,0,0,0,1251.075161,0.1876203893,44.145,0,0
0.34,0.07194115712,0,0,0.6918196301,4.146155138,0,0,0,0,0.66,0,0,0,1288.204716,0.2131746778,44.145,0,0
0.35,0.07885935342,0,0,0.734511849,4.269221891,0,0,0,0,0.68,0,0,0,1325.152789,0.2412216579,44.145,0,0
0.36,0.08620447191,0,0,0.7784284253,4.391657629,0,0,0,0,0.7,0,0,0,1361.9142,0.2719118588,44.145,0,0
0.37,0.09398875617,0,0,0.8235628725,4.513444727,0,0,0,0,0.72,0,0,0,1398.483817,0.3053992099,44.145,0,0
0.38,0.1022243849,0,0,0.8699085296,4.634565709,0,0,0,0,0.74,0,0,0,1434.856554,0.3418409257,44.145,0,0
0.39,0.1109234702,0,0,0.9174585621,4.755003248,0,0,0,0,0.76,0,0,0,1471.027372,0.3813973884,44.145,0,0
0.4,0.1200980558,0,0,0.9662059638,4.87474017,0,0,0,0,0.78,0,0,0,1506.991283,0.4242320274,44.145,0,0
0.41,0.1297601154,0,0,1.016143558,4.993759464,0,0,0,0,0.8,0,0,0,1542.74335,0.4705111981,44.145,0,0
0.42,0.139921551,0,0,1.067264001,5.112044278,0,0,0,0,0.82,0,0,0,1578.278688,0.5204040566,44.145,0,0
0.43,0.150594191,0,0,1.119559781,5.229577932,0,0,0,0,0.84,0,0,0,1613.592462,0.574082434,44.145,0,0
0.44,0.1617897888,0,0,1.17302322,5.346343916,0,0,0,0,0.86,0,0,0,1648.679895,0.6317207075,44.145,0,0
0.45,0.173520021,0,0,1.227646479,5.462325895,0,0,0,0,0.88,0,0,0,1683.536264,0.6934956709,44.145,0,0
0.46,0.1857964858,0,0,1.283421556,5.577507717,0,0,0,0,0.9,0,0,0,1718.156901,0.7595864018,44.145,0,0
0.47,0.1986307014,0,0,1.34034029,5.691873412,0,0,0,0,0.92,0,0,0,1752.537198,0.8301741285,44.145,0,0
0.48,0.2120341043,0,0,1.398394362,5.8054072,0,0,0,0,0.94,0,0,0,1786.672602,0.9054420948,44.145,0,0
0.49,0.2260180479,0,0,1.457575297,5.918093492,0,0,0,0,0.96,0,0,0,1820.558623,0.9855754229,44.145,0,0
0.5,0.2405938009,0,0,1.517874466,6.029916898,0,0,0,0,0.98,0,0,0,1854.19083,1.070760976,44.145,0,0
0.51,0.2557725455,0,0,1.579283088,6.140862224,0,0,0,0,1,0,0,0,1887.564854,1.161187219,44.145,0,0
0.52,0.2715653764,0,0,1.640536889,6.125380078,0,0,0,0,1,0,0,0,1883.016068,1.257044076,44.145,0,0
0.53,0.2879707453,0,0,1.701636132,6.109924343,0,0,0,0,1,0,0,0,1878.478749,1.356446087,44.145,0,0
0.54,0.3049871066,0,0,1.762581083,6.094495047,0,0,0,0,1,0,0,0,1873.952879,1.459365025,44.145,0,0
0.55,0.3226129175,0,0,1.823372005,6.079092218,0,0,0,0,1,0,0,0,1869.438438,1.565772805,44.145,0,0
0.56,0.3408466375,0,0,1.884009164,6.063715885,0,0,0,0,1,0,0,0,1864.935407,1.675641476,44.145,0,0
0.57,0.3596867291,0,0,1.944492825,6.048366075,0,0,0,0,1,0,0,0,1860.443766,1.788943227,44.145,0,0
0.58,0.3791316574,0,0,2.004823253,6.033042814,0,0,0,0,1,0,0,0,1855.963494,1.905650382,44.145,0,0
0.59,0.3991798899,0,0,2.065000714,6.017746128,0,0,0,0,1,0,0,0,1851.494574,2.025735402,44.145,0,0
0.6,0.4198298971,0,0,2.125025474,6.002476044,0,0,0,0,1,0,0,0,1847.036984,2.149170886,44.145,0,0
0.61,0.4410801518,0,0,2.1848978,5.987232587,0,0,0,0,1,0,0,0,1842.590706,2.275929567,44.145,0,0
0.62,0.4629291298,0,0,2.244617958,5.972015781,0,0,0,0,1,0,0,0,1838.155718,2.405984312,44.145,0,0
0.63,0.4853753094,0,0,2.304186215,5.95682565,0,0,0,0,1,0,0,0,1833.732003,2.539308128,44.145,0,0
0.64,0.5084171715,0,0,2.363602837,5.941662218,0,0,0,0,1,0,0,0,1829.31954,2.675874152,44.145,0,0
0.65,0.5320531999,0,0,2.422868092,5.926525509,0,0,0,0,1,0,0,0,1824.918308,2.815655658,44.145,0,0
0.66,0.5562818808,0,0,2.481982247,5.911415545,0,0,0,0,1,0,0,0,1820.528289,2.958626054,44.145,0,0
0.67,0.5811017033,0,0,2.540945571,5.896332348,0,0,0,0,1,0,0,0,1816.149463,3.104758881,44.145,0,0
0.68,0.606511159,0,0,2.59975833,5.881275939,0,0,0,0,1,0,0,0,1811.78181,3.254027814,44.145,0,0
0.69,0.6325087423,0,0,2.658420794,5.866246341,0,0,0,0,1,0,0,0,1807.425309,3.406406661,44.145,0,0
0.7,0.6590929502,0,0,2.716933229,5.851243573,0,0,0,0,1,0,0,0,1803.079941,3.561869362,44.145,0,0
0.71,0.6862622825,0,0,2.775295906,5.836267656,0,0,0,0,1,0,0,0,1798.745687,3.720389991,44.145,0,0
0.72,0.7140152416,0,0,2.833509092,5.821318609,0,0,0,0,1,0,0,0,1794.422525,3.881942752,44.145,0,0
0.73,0.7423503325,0,0,2.891573056,5.806396452,0,0,0,0,1,0,0,0,1790.110438,4.046501982,44.145,0,0
0.74,0.7712660631,0,0,2.949488069,5.791501204,0,0,0,0,1,0,0,0,1785.809403,4.214042149,44.145,0,0
0.75,0.8007609438,0,0,3.007254397,5.776632882,0,0,0,0,1,0,0,0,1781.519402,4.384537853,44.145,0,0
0.76,0.8308334877,0,0,3.064872312,5.761791504,0,0,0,0,1,0,0,0,1777.240415,4.557963821,44.145,0,0
0.77,0.8614822109,0,0,3.122342083,5.746977088,0,0,0,0,1,0,0,0,1772.972421,4.734294915,44.145,0,0
0.78,0.8927056317,0,0,3.17966398,5.73218965,0,0,0,0,1,0,0,0,1768.715401,4.913506123,44.145,0,0
0.79,0.9245022715,0,0,3.236838272,5.717429208,0,0,0,0,1,0,0,0,1764.469335,5.095572564,44.145,0,0
0.8,0.9568706542,0,0,3.29386523,5.702695775,0,0,0,0,1,0,0,0,1760.234202,5.280469487,44.145,0,0
0.81,0.9898093065,0,0,3.350745123,5.687989369,0,0,0,0,1,0,0,0,1756.009983,5.468172268,44.145,0,0
0.82,1.023316758,0,0,3.407478223,5.673310004,0,0,0,0,1,0,0,0,1751.796658,5.658656412,44.145,0,0
0.83,1.05739154,0,0,3.4640648,5.658657694,0,0,0,0,1,0,0,0,1747.594206,5.851897553,44.145,0,0
0.84,1.092032188,0,0,3.520505125,5.644032453,0,0,0,0,1,0,0,0,1743.402607,6.04787145,44.145,0,0
0.85,1.127237239,0,0,3.576799468,5.629434295,0,0,0,0,1,0,0,0,1739.221843,6.246553992,44.145,0,0
0.86,1.163005234,0,0,3.6329481,5.614863234,0,0,0,0,1,0,0,0,1735.051891,6.447921194,44.145,0,0
0.87,1.199334715,0,0,3.688951293,5.60031928,0,0,0,0,1,0,0,0,1730.892733,6.651949197,44.145,0,0
0.88,1.236224228,0,0,3.744809317,5.585802448,0,0,0,0,1,0,0,0,1726.744349,6.858614267,44.145,0,0
0.89,1.273672321,0,0,3.800522445,5.571312748,0,0,0,0,1,0,0,0,1722.606717,7.067892799,44.145,0,0
0.9,1.311677545,0,0,3.856090947,5.556850192,0,0,0,0,1,0,0,0,1718.479819,7.27976131,44.145,0,0
0.91,1.350238455,0,0,3.911515095,5.54241479,0,0,0,0,1,0,0,0,1714.363634,7.494196444,44.145,0,0
0.92,1.389353606,0,0,3.96679516,5.528006554,0,0,0,0,1,0,0,0,1710.258141,7.711174969,44.145,0,0
0.93,1.429021557,0,0,4.021931415,5.513625492,0,0,0,0,1,0,0,0,1706.163321,7.930673777,44.145,0,0
0.94,1.469240872,0,0,4.076924131,5.499271615,0,0,0,0,1,0,0,0,1702.079154,8.152669883,44.145,0,0
0.95,1.510010113,0,0,4.131773581,5.484944932,0,0,0,0,1,0,0,0,1698.00562,8.377140428,44.145,0,0
0.96,1.551327849,0,0,4.186480035,5.47064545,0,0,0,0,1,0,0,0,1693.942698,8.604062672,44.145,0,0
0.97,1.593192649,0,0,4.241043767,5.456373179,0,0,0,0,1,0,0,0,1689.890368,8.833414002,44.145,0,0
0.98,1.635603087,0,0,4.295465048,5.442128126,0,0,0,0,1,0,0,0,1685.84861,9.065171925,44.145,0,0
0.99,1.678557737,0,0,4.349744151,5.427910299,0,0,0,0,1,0,0,0,1681.817404,9.29931407,44.145,0,0
1,1.722055179,0,0,4.403881348,5.413719705,0,0,0,0,1,0,0,0,1677.79673,9.535818187,44.145,0,0
1.01,1.766093992,0,0,4.457876912,5.399556349,0,0,0,0,1,0,0,0,1673.786567,9.774662148,44.145,0,0
1.02,1.810672761,0,0,4.511731114,5.385420238,0,0,0,0,1,0,0,0,1669.786895,10.01582395,44.145,0,0
1.03,1.855790072,0,0,4.565444228,5.371311379,0,0,0,0,1,0,0,0,1665.797695,10.25928169,44.145,0,0
1.04,1.901444515,0,0,4.619016526,5.357229775,0,0,0,0,1,0,0,0,1661.818946,10.50501362,44.145,0,0
1.05,1.94763468,0,0,4.67244828,5.343175432,0,0,0,0,1,0,0,0,1657.850628,10.75299809,44.145,0,0
1.06,1.994359163,0,0,4.725739763,5.329148355,0,0,0,0,1,0,0,0,1653.89272,11.00321356,44.145,0,0
1.07,2.04161656,0,0,4.778891249,5.315148547,0,0,0,0,1,0,0,0,1649.945203,11.25563862,44.145,0,0
1.08,2.089405473,0,0,4.831903009,5.301176012,0,0,0,0,1,0,0,0,1646.008056,11.51025199,44.145,0,0
1.09,2.137724503,0,0,4.884775317,5.287230754,0,0,0,0,1,0,0,0,1642.081259,11.76703249,44.145,0,0
1.1,2.186572256,0,0,4.937508444,5.273312774,0,0,0,0,1,0,0,0,1638.164791,12.02595907,44.145,0,0
1.11,2.235947341,0,0,4.990102665,5.259422077,0,0,0,0,1,0,0,0,1634.258634,12.28701078,44.145,0,0
1.12,2.285848367,0,0,5.042558252,5.245558662,0,0,0,0,1,0,0,0,1630.362766,12.5501668,44.145,0,0
1.13,2.33627395,0,0,5.094875477,5.231722534,0,0,0,0,1,0,0,0,1626.477167,12.81540644,44.145,0,0
1.14,2.387222705,0,0,5.147054614,5.217913691,0,0,0,0,1,0,0,0,1622.601817,13.08270909,44.145,0,0
1.15,2.438693251,0,0,5.199095935,5.204132137,0,0,0,0,1,0,0,0,1618.736695,13.35205428,44.145,0,0
1.16,2.49068421,0,0,5.250999714,5.19037787,0,0,0,0,1,0,0,0,1614.881783,13.62342167,44.145,0,0
1.17,2.543194207,0,0,5.302766223,5.176650891,0,0,0,0,1,0,0,0,1611.037058,13.89679099,44.145,0,0
1.18,2.596221869,0,0,5.354395735,5.1629512,0,0,0,0,1,0,0,0,1607.202502,14.17214213,44.145,0,0
1.19,2.649765827,0,0,5.405888523,5.149278795,0,0,0,0,1,0,0,0,1603.378094,14.44945506,44.145,0,0
1.2,2.703824712,0,0,5.45724486,5.135633677,0,0,0,0,1,0,0,0,1599.563813,14.72870988,44.145,0,0
1.21,2.758397161,0,0,5.508465018,5.122015844,0,0,0,0,1,0,0,0,1595.75964,15.00988682,44.145,0,0
1.22,2.813481811,0,0,5.559549271,5.108425293,0,0,0,0,1,0,0,0,1591.965554,15.29296618,44.145,0,0
1.23,2.869077304,0,0,5.610497891,5.094862024,0,0,0,0,1,0,0,0,1588.181535,15.5779284,44.145,0,0
1.24,2.925182282,0,0,5.661311152,5.081326032,0,0,0,0,1,0,0,0,1584.407564,15.86475404,44.145,0,0
1.25,2.981795394,0,0,5.711989325,5.067817315,0,0,0,0,1,0,0,0,1580.643618,16.15342375,44.145,0,0
1.26,3.038915287,0,0,5.762532683,5.054335871,0,0,0,0,1,0,0,0,1576.88968,16.44391831,44.145,0,0
1.27,3.096540614,0,0,5.8129415,5.040881695,0,0,0,0,1,0,0,0,1573.145727,16.7362186,44.145,0,0
1.28,3.154670029,0,0,5.863216048,5.027454784,0,0,0,0,1,0,0,0,1569.411741,17.0303056,44.145,0,0
1.29,3.21330219,0,0,5.9133566,5.014055132,0,0,0,0,1,0,0,0,1565.6877,17.32616042,44.145,0,0
1.3,3.272435756,0,0,5.963363427,5.000682736,0,0,0,0,1,0,0,0,1561.973585,17.62376428,44.145,0,0
1.31,3.33206939,0,0,6.013236803,4.987337591,0,0,0,0,1,0,0,0,1558.269376,17.92309849,44.145,0,0
1.32,3.392201758,0,0,6.062977,4.97401969,0,0,0,0,1,0,0,0,1554.575052,18.22414449,44.145,0,0
1.33,3.452831528,0,0,6.11258429,4.960729029,0,0,0,0,1,0,0,0,1550.890593,18.52688381,44.145,0,0
1.34,3.513957371,0,0,6.162058946,4.947465601,0,0,0,0,1,0,0,0,1547.215979,18.8312981,44.145,0,0
1.35,3.57557796,0,0,6.21140124,4.9342294,0,0,0,0,1,0,0,0,1543.551189,19.13736911,44.145,0,0
1.36,3.637691973,0,0,6.260611444,4.921020419,0,0,0,0,1,0,0,0,1539.896204,19.4450787,44.145,0,0
1.37,3.700298087,0,0,6.309689831,4.907838651,0,0,0,0,1,0,0,0,1536.251004,19.75440885,44.145,0,0
1.38,3.763394985,0,0,6.358636672,4.894684088,0,0,0,0,1,0,0,0,1532.615568,20.06534162,44.145,0,0
1.39,3.826981352,0,0,6.407452239,4.881556723,0,0,0,0,1,0,0,0,1528.989876,20.3778592,44.145,0,0
1.4,3.891055874,0,0,6.456136804,4.868456548,0,0,0,0,1,0,0,0,1525.373908,20.69194387,44.145,0,0
1.41,3.955617242,0,0,6.50469064,4.855383554,0,0,0,0,1,0,0,0,1521.767644,21.00757803,44.145,0,0
1.42,4.020664149,0,0,6.553114017,4.842337732,0,0,0,0,1,0,0,0,1518.171064,21.32474416,44.145,0,0
1.43,4.086195289,0,0,6.601407208,4.829319073,0,0,0,0,1,0,0,0,1514.584147,21.64342487,44.145,0,0
1.44,4.152209361,0,0,6.649570484,4.816327569,0,0,0,0,1,0,0,0,1511.006873,21.96360287,44.145,0,0
1.45,4.218705066,0,0,6.697604116,4.803363208,0,0,0,0,1,0,0,0,1507.439223,22.28526096,44.145,0,0
1.46,4.285681107,0,0,6.745508376,4.790425982,0,0,0,0,1,0,0,0,1503.881177,22.60838205,44.145,0,0
1.47,4.353136191,0,0,6.793283534,4.777515879,0,0,0,0,1,0,0,0,1500.332713,22.93294916,44.145,0,0
1.48,4.421069026,0,0,6.840929863,4.76463289,0,0,0,0,1,0,0,0,1496.793812,23.25894539,44.145,0,0
1.49,4.489478325,0,0,6.888447633,4.751777002,0,0,0,0,1,0,0,0,1493.264455,23.58635398,44.145,0,0
1.5,4.558362801,0,0,6.935837115,4.738948205,0,0,0,0,1,0,0,0,1489.74462,23.91515824,44.145,0,0
1.51,4.627721172,0,0,6.98309858,4.726146487,0,0,0,0,1,0,0,0,1486.234288,24.24534159,44.145,0,0
1.52,4.697552158,0,0,7.030232299,4.713371837,0,0,0,0,1,0,0,0,1482.733439,24.57688755,44.145,0,0
1.53,4.767854481,0,0,7.077238541,4.700624241,0,0,0,0,1,0,0,0,1479.242052,24.90977975,44.145,0,0
1.54,4.838626867,0,0,7.124117578,4.687903687,0,0,0,0,1,0,0,0,1475.760108,25.2440019,44.145,0,0
1.55,4.909868042,0,0,7.170869679,4.675210163,0,0,0,0,1,0,0,0,1472.287587,25.57953784,44.145,0,0
1.56,4.981576739,0,0,7.217495116,4.662543656,0,0,0,0,1,0,0,0,1468.824468,25.91637147,44.145,0,0
1.57,5.05375169,0,0,7.263994158,4.649904151,0,0,0,0,1,0,0,0,1465.370732,26.25448682,44.145,0,0
1.58,5.126391632,0,0,7.310367074,4.637291636,0,0,0,0,1,0,0,0,1461.926359,26.593868,44.145,0,0
1.59,5.199495303,0,0,7.356614135,4.624706095,0,0,0,0,1,0,0,0,1458.491328,26.93449924,44.145,0,0
1.6,5.273061444,0,0,7.40273561,4.612147516,0,0,0,0,1,0,0,0,1455.06562,27.27636485,44.145,0,0
1.61,5.3470888,0,0,7.448731769,4.599615883,0,0,0,0,1,0,0,0,1451.649214,27.61944923,44.145,0,0
1.62,5.421576118,0,0,7.494602881,4.587111181,0,0,0,0,1,0,0,0,1448.242091,27.9637369,44.145,0,0
1.63,5.496522147,0,0,7.540349215,4.574633395,0,0,0,0,1,0,0,0,1444.844231,28.30921246,44.145,0,0
1.64,5.571925639,0,0,7.58597104,4.56218251,0,0,0,0,1,0,0,0,1441.455614,28.6558606,44.145,0,0
1.65,5.647785349,0,0,7.631468625,4.54975851,0,0,0,0,1,0,0,0,1438.076219,29.00366613,44.145,0,0
1.66,5.724100035,0,0,7.676842239,4.53736138,0,0,0,0,1,0,0,0,1434.706028,29.35261394,44.145,0,0
1.67,5.800868458,0,0,7.72209215,4.524991101,0,0,0,0,1,0,0,0,1431.345019,29.70268901,44.145,0,0
1.68,5.878089379,0,0,7.767218626,4.512647659,0,0,0,0,1,0,0,0,1427.993174,30.05387641,44.145,0,0
1.69,5.955761565,0,0,7.812221937,4.500331036,0,0,0,0,1,0,0,0,1424.650472,30.40616133,44.145,0,0
1.7,6.033883785,0,0,7.857102349,4.488041215,0,0,0,0,1,0,0,0,1421.316894,30.75952904,44.145,0,0
1.71,6.112454808,0,0,7.90186013,4.475778179,0,0,0,0,1,0,0,0,1417.992419,31.11396489,44.145,0,0
1.72,6.19147341,0,0,7.94649555,4.46354191,0,0,0,0,1,0,0,0,1414.677027,31.46945433,44.145,0,0
1.73,6.270938365,0,0,7.991008873,4.45133239,0,0,0,0,1,0,0,0,1411.3707,31.82598293,44.145,0,0
1.74,6.350848454,0,0,8.03540037,4.439149602,0,0,0,0,1,0,0,0,1408.073417,32.1835363,44.145,0,0
1.75,6.431202458,0,0,8.079670305,4.426993525,0,0,0,0,1,0,0,0,1404.785158,32.54210019,44.145,0,0
1.76,6.511999161,0,0,8.123818946,4.414864143,0,0,0,0,1,0,0,0,1401.505903,32.90166041,44.145,0,0
1.77,6.59323735,0,0,8.167846561,4.402761436,0,0,0,0,1,0,0,0,1398.235634,33.26220287,44.145,0,0
1.78,6.674915816,0,0,8.211753414,4.390685384,0,0,0,0,1,0,0,0,1394.974329,33.62371359,44.145,0,0
1.79,6.75703335,0,0,8.255539774,4.378635969,0,0,0,0,1,0,0,0,1391.721969,33.98617865,44.145,0,0
1.8,6.839588748,0,0,8.299205906,4.36661317,0,0,0,0,1,0,0,0,1388.478535,34.34958423,44.145,0,0
1.81,6.922580807,0,0,8.342752075,4.354616968,0,0,0,0,1,0,0,0,1385.244007,34.71391661,44.145,0,0
1.82,7.006008327,0,0,8.386178549,4.342647342,0,0,0,0,1,0,0,0,1382.018365,35.07916215,44.145,0,0
1.83,7.089870113,0,0,8.429485592,4.330704272,0,0,0,0,1,0,0,0,1378.801589,35.44530729,44.145,0,0
1.84,7.174164969,0,0,8.472673469,4.318787738,0,0,0,0,1,0,0,0,1375.59366,35.81233858,44.145,0,0
1.85,7.258891703,0,0,8.515742446,4.306897717,0,0,0,0,1,0,0,0,1372.394558,36.18024264,44.145,0,0
1.86,7.344049128,0,0,8.558692788,4.29503419,0,0,0,0,1,0,0,0,1369.204263,36.54900618,44.145,0,0
1.87,7.429636056,0,0,8.601524759,4.283197135,0,0,0,0,1,0,0,0,1366.022756,36.91861601,44.145,0,0
1.88,7.515651303,0,0,8.644238625,4.271386529,0,0,0,0,1,0,0,0,1362.850018,37.28905901,44.145,0,0
1.89,7.60209369,0,0,8.686834648,4.259602352,0,0,0,0,1,0,0,0,1359.686028,37.66032215,44.145,0,0
1.9,7.688962036,0,0,8.729313094,4.247844581,0,0,0,0,1,0,0,0,1356.530767,38.03239249,44.145,0,0
1.91,7.776255167,0,0,8.771674226,4.236113194,0,0,0,0,1,0,0,0,1353.384215,38.40525718,44.145,0,0
1.92,7.863971909,0,0,8.813918308,4.224408167,0,0,0,0,1,0,0,0,1350.246354,38.77890344,44.145,0,0
1.93,7.952111092,0,0,8.856045602,4.212729479,0,0,0,0,1,0,0,0,1347.117162,39.15331859,44.145,0,0
1.94,8.040671548,0,0,8.898056374,4.201077107,0,0,0,0,1,0,0,0,1343.996622,39.52849003,44.145,0,0
1.95,8.129652112,0,0,8.939950884,4.189451026,0,0,0,0,1,0,0,0,1340.884713,39.90440524,44.145,0,0
1.96,8.219051621,0,0,8.981729396,4.177851214,0,0,0,0,1,0,0,0,1337.781416,40.28105179,44.145,0,0
1.97,8.308868915,0,0,9.023392172,4.166277647,0,0,0,0,1,0,0,0,1334.686711,40.65841732,44.145,0,0
1.98,8.399102837,0,0,9.064939475,4.154730301,0,0,0,0,1,0,0,0,1331.60058,41.03648957,44.145,0,0
1.99,8.489752231,0,0,9.106371567,4.143209152,0,0,0,0,1,0,0,0,1328.523002,41.41525636,44.145,0,0
2,8.580815947,0,0,9.147688709,4.131714175,0,0,0,0,1,0,0,0,1325.453958,41.79470557,44.145,0,0
2.01,8.672292834,0,0,9.188891162,4.120245346,0,0,0,0,1,0,0,0,1322.393429,42.17482519,44.145,0,0
2.02,8.764181746,0,0,9.229979189,4.10880264,0,0,0,0,1,0,0,0,1319.341395,42.55560328,44.145,0,0
2.03,8.856481538,0,0,9.270953049,4.097386033,0,0,0,0,1,0,0,0,1316.297838,42.93702797,44.145,0,0
2.04,8.949191068,0,0,9.311813004,4.085995499,0,0,0,0,1,0,0,0,1313.262737,43.3190875,44.145,0,0
2.05,9.042309198,0,0,9.352559314,4.074631012,0,0,0,0,1,0,0,0,1310.236074,43.70177015,44.145,0,0
2.06,9.135834791,0,0,9.393192239,4.063292548,0,0,0,0,1,0,0,0,1307.217829,44.08506432,44.145,0,0
2.07,9.229766714,0,0,9.43371204,4.051980079,0,0,0,0,1,0,0,0,1304.207982,44.46895847,44.145,0,0
2.08,9.324103834,0,0,9.474118976,4.040693581,0,0,0,0,1,0,0,0,1301.206516,44.85344112,44.145,0,0
2.09,9.418845024,0,0,9.514413306,4.029433028,0,0,0,0,1,0,0,0,1298.213409,45.23850091,44.145,0,0
2.1,9.513989157,0,0,9.55459529,4.018198392,0,0,0,0,1,0,0,0,1295.228644,45.62412652,44.145,0,0
2.11,9.60953511,0,0,9.594665187,4.006989647,0,0,0,0,1,0,0,0,1292.252201,46.01030674,44.145,0,0
2.12,9.705481762,0,0,9.634623254,3.995806766,0,0,0,0,1,0,0,0,1289.28406,46.39703042,44.145,0,0
2.13,9.801827994,0,0,9.674469752,3.984649723,0,0,0,0,1,0,0,0,1286.324203,46.78428649,44.145,0,0
2.14,9.898572692,0,0,9.714204936,3.97351849,0,0,0,0,1,0,0,0,1283.372611,47.17206395,44.145,0,0
2.15,9.995714741,0,0,9.753829067,3.96241304,0,0,0,0,1,0,0,0,1280.429264,47.56035188,44.145,0,0
2.16,10.09325303,0,0,9.7933424,3.951333346,0,0,0,0,1,0,0,0,1277.494143,47.94913946,44.145,0,0
2.17,10.19118646,0,0,9.832745194,3.940279379,0,0,0,0,1,0,0,0,1274.56723,48.33841591,44.145,0,0
2.18,10.28951391,0,0,9.872037705,3.929251112,0,0,0,0,1,0,0,0,1271.648504,48.72817054,44.145,0,0
2.19,10.38823428,0,0,9.91122019,3.918248517,0,0,0,0,1,0,0,0,1268.737948,49.11839274,44.145,0,0
2.2,10.48734649,0,0,9.950292906,3.907271565,0,0,0,0,1,0,0,0,1265.835541,49.50907197,44.145,0,0
2.21,10.58684942,0,0,9.989256108,3.896320228,0,0,0,0,1,0,0,0,1262.941266,49.90019777,44.145,0,0
2.22,10.68674198,0,0,10.02811005,3.885394478,0,0,0,0,1,0,0,0,1260.055103,50.29175975,44.145,0,0
2.23,10.78702308,0,0,10.066855,3.874494285,0,0,0,0,1,0,0,0,1257.177033,50.68374758,44.145,0,0
2.24,10.88769163,0,0,10.10549119,3.863619621,0,0,0,0,1,0,0,0,1254.307037,51.07615103,44.145,0,0
2.25,10.98874654,0,0,10.1440189,3.852770456,0,0,0,0,1,0,0,0,1251.445097,51.46895993,44.145,0,0
2.26,11.09018673,0,0,10.18243836,3.841946762,0,0,0,0,1,0,0,0,1248.591193,51.86216417,44.145,0,0
2.27,11.19201111,0,0,10.22074985,3.831148509,0,0,0,0,1,0,0,0,1245.745306,52.25575373,44.145,0,0
2.28,11.29421861,0,0,10.25895361,3.820375666,0,0,0,0,1,0,0,0,1242.907419,52.64971865,44.145,0,0
2.29,11.39680815,0,0,10.29704989,3.809628205,0,0,0,0,1,0,0,0,1240.077511,53.04404906,44.145,0,0
2.3,11.49977865,0,0,10.33503895,3.798906096,0,0,0,0,1,0,0,0,1237.255564,53.43873515,44.145,0,0
2.31,11.60312903,0,0,10.37292104,3.788209307,0,0,0,0,1,0,0,0,1234.441559,53.83376716,44.145,0,0
2.32,11.70685825,0,0,10.41069642,3.77753781,0,0,0,0,1,0,0,0,1231.635478,54.22913544,44.145,0,0
2.33,11.81096521,0,0,10.44836534,3.766891573,0,0,0,0,1,0,0,0,1228.837302,54.62483038,44.145,0,0
2.34,11.91544886,0,0,10.48592804,3.756270566,0,0,0,0,1,0,0,0,1226.047012,55.02084245,44.145,0,0
2.35,12.02030814,0,0,10.52338479,3.745674758,0,0,0,0,1,0,0,0,1223.26459,55.4171622,44.145,0,0
2.36,12.12554199,0,0,10.56073583,3.735104118,0,0,0,0,1,0,0,0,1220.490016,55.81378022,44.145,0,0
2.37,12.23114935,0,0,10.59798142,3.724558615,0,0,0,0,1,0,0,0,1217.723272,56.21068721,44.145,0,0
2.38,12.33712916,0,0,10.6351218,3.714038219,0,0,0,0,1,0,0,0,1214.96434,56.60787389,44.145,0,0
2.39,12.44348038,0,0,10.67215723,3.703542897,0,0,0,0,1,0,0,0,1212.2132,57.0053311,44.145,0,0
2.4,12.55020195,0,0,10.70908795,3.693072618,0,0,0,0,1,0,0,0,1209.469835,57.40304971,44.145,0,0
2.41,12.65729283,0,0,10.74591423,3.68262735,0,0,0,0,1,0,0,0,1206.734226,57.80102066,44.145,0,0
2.42,12.76475198,0,0,10.7826363,3.672207062,0,0,0,0,1,0,0,0,1204.006354,58.19923498,44.145,0,0
2.43,12.87257834,0,0,10.81925442,3.661811721,0,0,0,0,1,0,0,0,1201.2862,58.59768375,44.145,0,0
2.44,12.98077088,0,0,10.85576883,3.651441296,0,0,0,0,1,0,0,0,1198.573747,58.99635812,44.145,0,0
2.45,13.08932857,0,0,10.89217979,3.641095755,0,0,0,0,1,0,0,0,1195.868976,59.39524929,44.145,0,0
2.46,13.19825037,0,0,10.92848754,3.630775064,0,0,0,0,1,0,0,0,1193.171868,59.79434856,44.145,0,0
2.47,13.30753524,0,0,10.96469233,3.620479191,0,0,0,0,1,0,0,0,1190.482405,60.19364728,44.145,0,0
2.48,13.41718217,0,0,11.00079441,3.610208105,0,0,0,0,1,0,0,0,1187.800568,60.59313684,44.145,0,0
2.49,13.52719011,0,0,11.03679403,3.599961771,0,0,0,0,1,0,0,0,1185.12634,60.99280873,44.145,0,0
2.5,13.63755805,0,0,11.07269143,3.589740157,0,0,0,0,1,0,0,0,1182.459702,61.39265449,44.145,0,0
2.51,13.74828497,0,0,11.10848686,3.579543231,0,0,0,0,1,0,0,0,1179.800635,61.79266572,44.145,0,0
2.52,13.85936983,0,0,11.14418057,3.569370958,0,0,0,0,1,0,0,0,1177.149121,62.19283409,44.145,0,0
2.53,13.97081164,0,0,11.1797728,3.559223305,0,0,0,0,1,0,0,0,1174.505143,62.59315134,44.145,0,0
2.54,14.08260937,0,0,11.21526381,3.54910024,0,0,0,0,1,0,0,0,1171.868681,62.99360925,44.145,0,0
2.55,14.19476201,0,0,11.25065382,3.539001728,0,0,0,0,1,0,0,0,1169.239718,63.39419969,44.145,0,0
2.56,14.30726854,0,0,11.2859431,3.528927736,0,0,0,0,1,0,0,0,1166.618235,63.79491457,44.145,0,0
2.57,14.42012798,0,0,11.32113188,3.51887823,0,0,0,0,1,0,0,0,1164.004215,64.19574588,44.145,0,0
2.58,14.53333929,0,0,11.35622041,3.508853175,0,0,0,0,1,0,0,0,1161.397638,64.59668566,44.145,0,0
2.59,14.6469015,0,0,11.39120894,3.498852539,0,0,0,0,1,0,0,0,1158.798488,64.99772602,44.145,0,0
2.6,14.76081359,0,0,11.4260977,3.488876287,0,0,0,0,1,0,0,0,1156.206745,65.39885912,44.145,0,0
2.61,14.87507457,0,0,11.46088695,3.478924384,0,0,0,0,1,0,0,0,1153.622392,65.80007719,44.145,0,0
2.62,14.98968343,0,0,11.49557691,3.468996796,0,0,0,0,1,0,0,0,1151.045411,66.20137252,44.145,0,0
2.63,15.1046392,0,0,11.53016785,3.459093489,0,0,0,0,1,0,0,0,1148.475784,66.60273746,44.145,0,0
2.64,15.21994088,0,0,11.56465999,3.449214427,0,0,0,0,1,0,0,0,1145.913493,67.0041644,44.145,0,0
2.65,15.33558748,0,0,11.59905359,3.439359577,0,0,0,0,1,0,0,0,1143.358519,67.40564583,44.145,0,0
2.66,15.45157802,0,0,11.63334888,3.429528903,0,0,0,0,1,0,0,0,1140.810845,67.80717426,44.145,0,0
2.67,15.56791151,0,0,11.6675461,3.41972237,0,0,0,0,1,0,0,0,1138.270453,68.20874229,44.145,0,0
2.68,15.68458697,0,0,11.7016455,3.409939944,0,0,0,0,1,0,0,0,1135.737326,68.61034255,44.145,0,0
2.69,15.80160342,0,0,11.73564732,3.400181589,0,0,0,0,1,0,0,0,1133.211444,69.01196776,44.145,0,0
2.7,15.9189599,0,0,11.76955179,3.390447269,0,0,0,0,1,0,0,0,1130.692791,69.41361065,44.145,0,0
2.71,16.03665541,0,0,11.80335916,3.380736949,0,0,0,0,1,0,0,0,1128.181349,69.81526407,44.145,0,0
2.72,16.15468901,0,0,11.83706967,3.371050595,0,0,0,0,1,0,0,0,1125.677099,70.21692088,44.145,0,0
2.73,16.2730597,0,0,11.87068355,3.361388169,0,0,0,0,1,0,0,0,1123.180025,70.61857401,44.145,0,0
2.74,16.39176654,0,0,11.90420104,3.351749637,0,0,0,0,1,0,0,0,1120.690108,71.02021645,44.145,0,0
2.75,16.51080855,0,0,11.93762239,3.342134963,0,0,0,0,1,0,0,0,1118.20733,71.42184126,44.145,0,0
2.76,16.63018477,0,0,11.97094783,3.33254411,0,0,0,0,1,0,0,0,1115.731675,71.82344152,44.145,0,0
2.77,16.74989425,0,0,12.00417761,3.322977043,0,0,0,0,1,0,0,0,1113.263123,72.2250104,44.145,0,0
2.78,16.86993603,0,0,12.03731194,3.313433726,0,0,0,0,1,0,0,0,1110.801659,72.62654111,44.145,0,0
2.79,16.99030915,0,0,12.07035108,3.303914122,0,0,0,0,1,0,0,0,1108.347264,73.02802691,44.145,0,0
2.8,17.11101266,0,0,12.10329527,3.294418195,0,0,0,0,1,0,0,0,1105.89992,73.42946114,44.145,0,0
2.81,17.23204561,0,0,12.13614472,3.284945909,0,0,0,0,1,0,0,0,1103.45961,73.83083717,44.145,0,0
2.82,17.35340706,0,0,12.1688997,3.275497228,0,0,0,0,1,0,0,0,1101.026317,74.23214842,44.145,0,0
2.83,17.47509605,0,0,12.20156042,3.266072114,0,0,0,0,1,0,0,0,1098.600022,74.6333884,44.145,0,0
2.84,17.59711166,0,0,12.23412712,3.256670531,0,0,0,0,1,0,0,0,1096.18071,75.03455062,44.145,0,0
2.85,17.71945293,0,0,12.26660005,3.247292442,0,0,0,0,1,0,0,0,1093.768361,75.4356287,44.145,0,0
2.86,17.84211893,0,0,12.29897943,3.237937811,0,0,0,0,1,0,0,0,1091.362959,75.83661627,44.145,0,0
2.87,17.96510872,0,0,12.33126549,3.2286066,0,0,0,0,1,0,0,0,1088.964487,76.23750704,44.145,0,0
2.88,18.08842138,0,0,12.36345848,3.219298773,0,0,0,0,1,0,0,0,1086.572927,76.63829475,44.145,0,0
2.89,18.21205596,0,0,12.39555862,3.210014292,0,0,0,0,1,0,0,0,1084.188261,77.03897321,44.145,0,0
2.9,18.33601155,0,0,12.42756615,3.20075312,0,0,0,0,1,0,0,0,1081.810472,77.43953628,44.145,0,0
2.91,18.46028721,0,0,12.45948131,3.191515221,0,0,0,0,1,0,0,0,1079.439544,77.83997785,44.145,0,0
2.92,18.58488202,0,0,12.49130431,3.182300556,0,0,0,0,1,0,0,0,1077.075459,78.2402919,44.145,0,0
2.93,18.70979507,0,0,12.5230354,3.173109089,0,0,0,0,1,0,0,0,1074.718199,78.64047243,44.145,0,0
2.94,18.83502542,0,0,12.55467481,3.163940782,0,0,0,0,1,0,0,0,1072.367748,79.04051351,44.145,0,0
2.95,18.96057217,0,0,12.58622277,3.154795596,0,0,0,0,1,0,0,0,1070.024088,79.44040923,44.145,0,0
2.96,19.0864344,0,0,12.6176795,3.145673496,0,0,0,0,1,0,0,0,1067.687203,79.84015377,44.145,0,0
2.97,19.21261119,0,0,12.64904525,3.136574442,0,0,0,0,1,0,0,0,1065.357074,80.23974134,44.145,0,0
2.98,19.33910164,0,0,12.68032023,3.127498398,0,0,0,0,1,0,0,0,1063.033686,80.63916619,44.145,0,0
2.99,19.46590485,0,0,12.71150468,3.118445325,0,0,0,0,1,0,0,0,1060.71702,81.03842265,44.145,0,0
3,19.59301989,0,0,12.74259883,3.109415185,0,0,0,0,1,0,0,0,1058.407061,81.43750505,44.145,0,0
3.01,19.72044588,0,0,12.77360291,3.100407941,0,0,0,0,1,0,0,0,1056.10379,81.83640783,44.145,0,0
3.02,19.84818191,0,0,12.80451715,3.091423554,0,0,0,0,1,0,0,0,1053.807192,82.23512543,44.145,0,0
3.03,19.97622708,0,0,12.83534177,3.082461986,0,0,0,0,1,0,0,0,1051.517248,82.63365235,44.145,0,0
3.04,20.1045805,0,0,12.866077,3.073523199,0,0,0,0,1,0,0,0,1049.233943,83.03198316,44.145,0,0
3.05,20.23324127,0,0,12.89672307,3.064607156,0,0,0,0,1,0,0,0,1046.957259,83.43011245,44.145,0,0
3.06,20.3622085,0,0,12.92728021,3.055713816,0,0,0,0,1,0,0,0,1044.68718,83.82803487,44.145,0,0
3.07,20.4914813,0,0,12.95774864,3.046843143,0,0,0,0,1,0,0,0,1042.423688,84.22574512,44.145,0,0
3.08,20.62105879,0,0,12.98812859,3.037995098,0,0,0,0,1,0,0,0,1040.166767,84.62323794,44.145,0,0
3.09,20.75094008,0,0,13.01842029,3.029169641,0,0,0,0,1,0,0,0,1037.9164,85.02050812,44.145,0,0
3.1,20.88112428,0,0,13.04862396,3.020366735,0,0,0,0,1,0,0,0,1035.672571,85.41755049,44.145,0,0
3.11,21.01161052,0,0,13.07873982,3.011586342,0,0,0,0,1,0,0,0,1033.435262,85.81435994,44.145,0,0
3.12,21.14239792,0,0,13.1087681,3.002828421,0,0,0,0,1,0,0,0,1031.204458,86.21093139,44.145,0,0
3.13,21.2734856,0,0,13.13870903,2.994092935,0,0,0,0,1,0,0,0,1028.98014,86.60725982,44.145,0,0
3.14,21.40487269,0,0,13.16856283,2.985379845,0,0,0,0,1,0,0,0,1026.762294,87.00334024,44.145,0,0
3.15,21.53655832,0,0,13.19832972,2.976689112,0,0,0,0,1,0,0,0,1024.550901,87.39916773,44.145,0,0
3.16,21.66854161,0,0,13.22800993,2.968020697,0,0,0,0,1,0,0,0,1022.345946,87.79473738,44.145,0,0
3.17,21.80082171,0,0,13.25760368,2.959374561,0,0,0,0,1,0,0,0,1020.147413,88.19004435,44.145,0,0
3.18,21.93339775,0,0,13.28711118,2.950750665,0,0,0,0,1,0,0,0,1017.955283,88.58508384,44.145,0,0
3.19,22.06626886,0,0,13.31653267,2.94214897,0,0,0,0,1,0,0,0,1015.769542,88.97985109,44.145,0,0
3.2,22.19943419,0,0,13.34586837,2.933569437,0,0,0,0,1,0,0,0,1013.590172,89.37434138,44.145,0,0
3.21,22.33289287,0,0,13.37511849,2.925012026,0,0,0,0,1,0,0,0,1011.417158,89.76855005,44.145,0,0
3.22,22.46664406,0,0,13.40428325,2.9164767,0,0,0,0,1,0,0,0,1009.250482,90.16247245,44.145,0,0
3.23,22.60068689,0,0,13.43336289,2.907963418,0,0,0,0,1,0,0,0,1007.090129,90.55610402,44.145,0,0
3.24,22.73502052,0,0,13.46235761,2.89947214,0,0,0,0,1,0,0,0,1004.936082,90.9494402,44.145,0,0
3.25,22.86964409,0,0,13.49126764,2.891002829,0,0,0,0,1,0,0,0,1002.788325,91.3424765,44.145,0,0
3.26,23.00455677,0,0,13.52009319,2.882555444,0,0,0,0,1,0,0,0,1000.646842,91.73520845,44.145,0,0
3.27,23.1397577,0,0,13.54883449,2.874129946,0,0,0,0,1,0,0,0,998.5116154,92.12763165,44.145,0,0
3.28,23.27524605,0,0,13.57749176,2.865726295,0,0,0,0,1,0,0,0,996.3826302,92.51974171,44.145,0,0
3.29,23.41102096,0,0,13.6060652,2.857344452,0,0,0,0,1,0,0,0,994.25987,92.91153431,44.145,0,0
3.3,23.54708162,0,0,13.63455504,2.848984378,0,0,0,0,1,0,0,0,992.1433185,93.30300515,44.145,0,0
3.31,23.68342717,0,0,13.6629615,2.840646033,0,0,0,0,1,0,0,0,990.0329597,93.69414998,44.145,0,0
3.32,23.82005678,0,0,13.6912848,2.832329376,0,0,0,0,1,0,0,0,987.9287775,94.08496459,44.145,0,0
3.33,23.95696963,0,0,13.71952514,2.82403437,0,0,0,0,1,0,0,0,985.8307557,94.47544482,44.145,0,0
3.34,24.09416488,0,0,13.74768275,2.815760973,0,0,0,0,1,0,0,0,983.7388784,94.86558653,44.145,0,0
3.35,24.23164171,0,0,13.77575784,2.807509146,0,0,0,0,1,0,0,0,981.6531296,95.25538563,44.145,0,0
3.36,24.36939929,0,0,13.80375063,2.79927885,0,0,0,0,1,0,0,0,979.5734932,95.64483808,44.145,0,0
3.37,24.50743679,0,0,13.83166133,2.791070045,0,0,0,0,1,0,0,0,977.4999533,96.03393987,44.145,0,0
3.38,24.64575341,0,0,13.85949016,2.78288269,0,0,0,0,1,0,0,0,975.432494,96.42268701,44.145,0,0
3.39,24.78434831,0,0,13.88723733,2.774716746,0,0,0,0,1,0,0,0,973.3710994,96.81107559,44.145,0,0
3.4,24.92322068,0,0,13.91490305,2.766572173,0,0,0,0,1,0,0,0,971.3157537,97.19910171,44.145,0,0
3.41,25.06236971,0,0,13.94248754,2.758448931,0,0,0,0,1,0,0,0,969.2664409,97.58676152,44.145,0,0
3.42,25.20179459,0,0,13.96999101,2.750346981,0,0,0,0,1,0,0,0,967.2231454,97.97405119,44.145,0,0
3.43,25.3414945,0,0,13.99741367,2.742266281,0,0,0,0,1,0,0,0,965.1858514,98.36096696,44.145,0,0
3.44,25.48146863,0,0,14.02475574,2.734206793,0,0,0,0,1,0,0,0,963.154543,98.74750507,44.145,0,0
3.45,25.62171619,0,0,14.05201742,2.726168476,0,0,0,0,1,0,0,0,961.1292046,99.13366184,44.145,0,0
3.46,25.76223637,0,0,14.07919893,2.71815129,0,0,0,0,1,0,0,0,959.1098206,99.51943359,44.145,0,0
3.47,25.90302836,0,0,14.10630049,2.710155195,0,0,0,0,1,0,0,0,957.0963752,99.9048167,44.145,0,0
3.48,26.04409136,0,0,14.13332229,2.702180151,0,0,0,0,1,0,0,0,955.0888528,100.2898076,44.145,0,0
3.49,26.18542458,0,0,14.16026455,2.694226117,0,0,0,0,1,0,0,0,953.0872379,100.6744026,44.145,0,0
3.5,26.32702723,0,0,14.18712748,2.686293055,0,0,0,0,1,0,0,0,951.0915148,101.0585984,44.145,0,0
3.51,26.4688985,0,0,14.21391129,2.678380922,0,0,0,0,1,0,0,0,949.1016681,101.4423914,44.145,0,0
3.52,26.61103762,0,0,14.24061619,2.67048968,0,0,0,0,1,0,0,0,947.1176823,101.8257782,44.145,0,0
3.53,26.75344378,0,0,14.26724238,2.662619288,0,0,0,0,1,0,0,0,945.1395418,102.2087553,44.145,0,0
3.54,26.8961162,0,0,14.29379008,2.654769706,0,0,0,0,1,0,0,0,943.1672312,102.5913194,44.145,0,0
3.55,27.0390541,0,0,14.32025949,2.646940893,0,0,0,0,1,0,0,0,941.2007351,102.9734671,44.145,0,0
3.56,27.1822567,0,0,14.34665081,2.63913281,0,0,0,0,1,0,0,0,939.2400381,103.3551952,44.145,0,0
3.57,27.32572321,0,0,14.37296427,2.631345415,0,0,0,0,1,0,0,0,937.285125,103.7365003,44.145,0,0
3.58,27.46945285,0,0,14.39920005,2.62357867,0,0,0,0,1,0,0,0,935.3359802,104.1173793,44.145,0,0
3.59,27.61344485,0,0,14.42535838,2.615832532,0,0,0,0,1,0,0,0,933.3925886,104.4978289,44.145,0,0
3.6,27.75769843,0,0,14.45143945,2.608106963,0,0,0,0,1,0,0,0,931.4549349,104.877846,44.145,0,0
3.61,27.90221283,0,0,14.47744347,2.600401921,0,0,0,0,1,0,0,0,929.5230038,105.2574275,44.145,0,0
3.62,28.04698726,0,0,14.50337064,2.592717367,0,0,0,0,1,0,0,0,927.5967801,105.6365702,44.145,0,0
3.63,28.19202097,0,0,14.52922117,2.585053259,0,0,0,0,1,0,0,0,925.6762488,106.015271,44.145,0,0
3.64,28.33731318,0,0,14.55499527,2.577409558,0,0,0,0,1,0,0,0,923.7613945,106.393527,44.145,0,0
3.65,28.48286313,0,0,14.58069313,2.569786223,0,0,0,0,1,0,0,0,921.8522022,106.7713352,44.145,0,0
3.66,28.62867006,0,0,14.60631496,2.562183214,0,0,0,0,1,0,0,0,919.9486569,107.1486926,44.145,0,0
3.67,28.77473321,0,0,14.63186097,2.554600491,0,0,0,0,1,0,0,0,918.0507434,107.5255962,44.145,0,0
3.68,28.92105182,0,0,14.65733135,2.547038012,0,0,0,0,1,0,0,0,916.1584467,107.9020431,44.145,0,0
3.69,29.06762514,0,0,14.68272631,2.539495738,0,0,0,0,1,0,0,0,914.2717519,108.2780306,44.145,0,0
3.7,29.2144524,0,0,14.70804604,2.531973627,0,0,0,0,1,0,0,0,912.3906439,108.6535557,44.145,0,0
3.71,29.36153286,0,0,14.73329076,2.524471641,0,0,0,0,1,0,0,0,910.5151079,109.0286157,44.145,0,0
3.72,29.50886577,0,0,14.75846066,2.516989737,0,0,0,0,1,0,0,0,908.6451289,109.4032077,44.145,0,0
3.73,29.65645037,0,0,14.78355594,2.509527877,0,0,0,0,1,0,0,0,906.7806921,109.7773291,44.145,0,0
3.74,29.80428593,0,0,14.8085768,2.502086018,0,0,0,0,1,0,0,0,904.9217825,110.1509772,44.145,0,0
3.75,29.9523717,0,0,14.83352344,2.494664121,0,0,0,0,1,0,0,0,903.0683855,110.5241491,44.145,0,0
3.76,30.10070694,0,0,14.85839606,2.487262146,0,0,0,0,1,0,0,0,901.2204862,110.8968424,44.145,0,0
3.77,30.2492909,0,0,14.88319486,2.479880051,0,0,0,0,1,0,0,0,899.3780697,111.2690544,44.145,0,0
3.78,30.39812285,0,0,14.90792004,2.472517797,0,0,0,0,1,0,0,0,897.5411216,111.6407826,44.145,0,0
3.79,30.54720205,0,0,14.93257179,2.465175342,0,0,0,0,1,0,0,0,895.7096269,112.0120242,44.145,0,0
3.8,30.69652776,0,0,14.95715032,2.457852647,0,0,0,0,1,0,0,0,893.8835711,112.3827769,44.145,0,0
3.81,30.84609927,0,0,14.98165581,2.450549671,0,0,0,0,1,0,0,0,892.0629395,112.7530382,44.145,0,0
3.82,30.99591583,0,0,15.00608848,2.443266373,0,0,0,0,1,0,0,0,890.2477175,113.1228055,44.145,0,0
3.83,31.14597671,0,0,15.0304485,2.436002714,0,0,0,0,1,0,0,0,888.4378906,113.4920765,44.145,0,0
3.84,31.2962812,0,0,15.05473609,2.428758652,0,0,0,0,1,0,0,0,886.6334441,113.8608487,44.145,0,0
3.85,31.44682856,0,0,15.07895143,2.421534146,0,0,0,0,1,0,0,0,884.8343636,114.2291197,44.145,0,0
3.86,31.59761807,0,0,15.10309472,2.414329158,0,0,0,0,1,0,0,0,883.0406346,114.5968873,44.145,0,0
3.87,31.74864902,0,0,15.12716616,2.407143646,0,0,0,0,1,0,0,0,881.2522427,114.964149,44.145,0,0
3.88,31.89992068,0,0,15.15116594,2.399977569,0,0,0,0,1,0,0,0,879.4691733,115.3309026,44.145,0,0
3.89,32.05143234,0,0,15.17509424,2.392830887,0,0,0,0,1,0,0,0,877.6914121,115.6971459,44.145,0,0
3.9,32.20318328,0,0,15.19895128,2.385703561,0,0,0,0,1,0,0,0,875.9189448,116.0628766,44.145,0,0
3.91,32.35517279,0,0,15.22273724,2.378595548,0,0,0,0,1,0,0,0,874.151757,116.4280925,44.145,0,0
3.92,32.50740017,0,0,15.2464523,2.37150681,0,0,0,0,1,0,0,0,872.3898344,116.7927914,44.145,0,0
3.93,32.65986469,0,0,15.27009668,2.364437305,0,0,0,0,1,0,0,0,870.6331627,117.1569712,44.145,0,0
3.94,32.81256566,0,0,15.29367055,2.357386993,0,0,0,0,1,0,0,0,868.8817276,117.5206297,44.145,0,0
3.95,32.96550236,0,0,15.31717411,2.350355834,0,0,0,0,1,0,0,0,867.135515,117.8837648,44.145,0,0
3.96,33.1186741,0,0,15.34060754,2.343343787,0,0,0,0,1,0,0,0,865.3945107,118.2463746,44.145,0,0
3.97,33.27208018,0,0,15.36397105,2.336350812,0,0,0,0,1,0,0,0,863.6587005,118.6084569,44.145,0,0
3.98,33.42571989,0,0,15.38726482,2.329376869,0,0,0,0,1,0,0,0,861.9280703,118.9700097,44.145,0,0
3.99,33.57959254,0,0,15.41048904,2.322421916,0,0,0,0,1,0,0,0,860.2026059,119.331031,44.145,0,0
4,33.73369743,0,0,15.4336439,2.315485915,0,0,0,0,1,0,0,0,858.4822934,119.6915189,44.145,0,0
4.01,33.88803387,0,0,15.45672959,2.308568824,0,0,0,0,1,0,0,0,856.7671186,120.0514714,44.145,0,0
4.02,34.04260116,0,0,15.47960378,2.287419652,0,0,0,0,0.995,0,0,0,850.7817823,120.4108867,44.145,0,0
4.03,34.1973972,0,0,15.50226767,2.266388389,0,0,0,0,0.99,0,0,0,844.8290559,120.7675392,44.145,0,0
4.04,34.35241988,0,0,15.52472241,2.245473952,0,0,0,0,0.985,0,0,0,838.9086184,121.1214326,44.145,0,0
4.05,34.5076671,0,0,15.54696916,2.224675268,0,0,0,0,0.98,0,0,0,833.0201512,121.4725709,44.145,0,0
4.06,34.66313679,0,0,15.56900907,2.203991268,0,0,0,0,0.975,0,0,0,827.1633385,121.820958,44.145,0,0
4.07,34.81882688,0,0,15.59084328,2.183420896,0,0,0,0,0.97,0,0,0,821.3378667,122.1665979,44.145,0,0
4.08,34.97473532,0,0,15.61247291,2.1629631,0,0,0,0,0.965,0,0,0,815.5434247,122.5094947,44.145,0,0
4.09,35.13086004,0,0,15.63389908,2.142616839,0,0,0,0,0.96,0,0,0,809.779704,122.8496525,44.145,0,0
4.1,35.28719904,0,0,15.65512289,2.122381077,0,0,0,0,0.955,0,0,0,804.0463984,123.1870754,44.145,0,0
4.11,35.44375026,0,0,15.67614544,2.102254787,0,0,0,0,0.95,0,0,0,798.343204,123.5217679,44.145,0,0
4.12,35.60051172,0,0,15.69696781,2.082236951,0,0,0,0,0.945,0,0,0,792.6698193,123.8537341,44.145,0,0
4.13,35.7574814,0,0,15.71759107,2.062326556,0,0,0,0,0.94,0,0,0,787.0259452,124.1829784,44.145,0,0
4.14,35.91465731,0,0,15.7380163,2.042522599,0,0,0,0,0.935,0,0,0,781.4112849,124.5095053,44.145,0,0
4.15,36.07203747,0,0,15.75824454,2.022824082,0,0,0,0,0.93,0,0,0,775.8255438,124.8333192,44.145,0,0
4.16,36.22961992,0,0,15.77827684,2.003230017,0,0,0,0,0.925,0,0,0,770.2684296,125.1544246,44.145,0,0
4.17,36.38740268,0,0,15.79811424,1.983739421,0,0,0,0,0.92,0,0,0,764.7396523,125.4728261,44.145,0,0
4.18,36.54538383,0,0,15.81775775,1.964351319,0,0,0,0,0.915,0,0,0,759.2389241,125.7885283,44.145,0,0
4.19,36.7035614,0,0,15.8372084,1.945064744,0,0,0,0,0.91,0,0,0,753.7659592,126.1015359,44.145,0,0
4.2,36.86193349,0,0,15.85646718,1.925878735,0,0,0,0,0.905,0,0,0,748.3204742,126.4118536,44.145,0,0
4.21,37.02049816,0,0,15.87553511,1.906792339,0,0,0,0,0.9,0,0,0,742.9021878,126.719486,44.145,0,0
4.22,37.17925351,0,0,15.89441315,1.887804609,0,0,0,0,0.895,0,0,0,737.5108207,127.0244379,44.145,0,0
4.23,37.33819764,0,0,15.9131023,1.868914605,0,0,0,0,0.89,0,0,0,732.1460959,127.3267142,44.145,0,0
4.24,37.49732867,0,0,15.93160351,1.850121395,0,0,0,0,0.885,0,0,0,726.8077382,127.6263197,44.145,0,0
4.25,37.6566447,0,0,15.94991775,1.831424052,0,0,0,0,0.88,0,0,0,721.4954747,127.9232592,44.145,0,0
4.26,37.81614388,0,0,15.96804597,1.812821656,0,0,0,0,0.875,0,0,0,716.2090345,128.2175377,44.145,0,0
4.27,37.97582434,0,0,15.9859891,1.794313295,0,0,0,0,0.87,0,0,0,710.9481486,128.50916,44.145,0,0
4.28,38.13568423,0,0,16.00374808,1.775898063,0,0,0,0,0.865,0,0,0,705.7125501,128.7981312,44.145,0,0
4.29,38.29572171,0,0,16.02132383,1.757575059,0,0,0,0,0.86,0,0,0,700.5019739,129.0844562,44.145,0,0
4.3,38.45593495,0,0,16.03871727,1.739343391,0,0,0,0,0.855,0,0,0,695.3161572,129.36814,44.145,0,0
4.31,38.61632212,0,0,16.05592929,1.72120217,0,0,0,0,0.85,0,0,0,690.1548387,129.6491876,44.145,0,0
4.32,38.77688141,0,0,16.07296079,1.703150517,0,0,0,0,0.845,0,0,0,685.0177593,129.9276041,44.145,0,0
4.33,38.93761102,0,0,16.08981267,1.685187557,0,0,0,0,0.84,0,0,0,679.9046617,130.2033946,44.145,0,0
4.34,39.09850915,0,0,16.10648579,1.667312421,0,0,0,0,0.835,0,0,0,674.8152904,130.4765642,44.145,0,0
4.35,39.25957401,0,0,16.12298104,1.649524247,0,0,0,0,0.83,0,0,0,669.7493919,130.7471179,44.145,0,0
4.36,39.42080382,0,0,16.13929926,1.631822179,0,0,0,0,0.825,0,0,0,664.7067144,131.0150608,44.145,0,0
4.37,39.58219681,0,0,16.15544131,1.614205366,0,0,0,0,0.82,0,0,0,659.687008,131.2803982,44.145,0,0
4.38,39.74375122,0,0,16.17140804,1.596672964,0,0,0,0,0.815,0,0,0,654.6900245,131.5431351,44.145,0,0
4.39,39.9054653,0,0,16.18720028,1.579224136,0,0,0,0,0.81,0,0,0,649.7155175,131.8032768,44.145,0,0
4.4,40.06733731,0,0,16.20281886,1.561858047,0,0,0,0,0.805,0,0,0,644.7632424,132.0608283,44.145,0,0
4.41,40.22936549,0,0,16.2182646,1.544573871,0,0,0,0,0.8,0,0,0,639.8329562,132.3157949,44.145,0,0
4.42,40.39154814,0,0,16.23353831,1.527370787,0,0,0,0,0.795,0,0,0,634.9244178,132.5681818,44.145,0,0
4.43,40.55388352,0,0,16.24864079,1.510247979,0,0,0,0,0.79,0,0,0,630.0373878,132.8179941,44.145,0,0
4.44,40.71636993,0,0,16.26357284,1.493204637,0,0,0,0,0.785,0,0,0,625.1716281,133.0652371,44.145,0,0
4.45,40.87900566,0,0,16.27833524,1.476239956,0,0,0,0,0.78,0,0,0,620.3269028,133.3099159,44.145,0,0
4.46,41.04178901,0,0,16.29292877,1.459353138,0,0,0,0,0.775,0,0,0,615.5029772,133.5520358,44.145,0,0
4.47,41.2047183,0,0,16.3073542,1.442543388,0,0,0,0,0.77,0,0,0,610.6996184,133.791602,44.145,0,0
4.48,41.36779184,0,0,16.3216123,1.425809918,0,0,0,0,0.765,0,0,0,605.9165953,134.0286197,44.145,0,0
4.49,41.53100796,0,0,16.33570382,1.409151946,0,0,0,0,0.76,0,0,0,601.1536779,134.2630942,44.145,0,0
4.5,41.694365,0,0,16.34962951,1.392568692,0,0,0,0,0.755,0,0,0,596.4106382,134.4950305,44.145,0,0
4.51,41.8578613,0,0,16.3633901,1.376059385,0,0,0,0,0.75,0,0,0,591.6872496,134.724434,44.145,0,0
4.52,42.0214952,0,0,16.37698633,1.359623257,0,0,0,0,0.745,0,0,0,586.983287,134.9513099,44.145,0,0
4.53,42.18526506,0,0,16.39041893,1.343259545,0,0,0,0,0.74,0,0,0,582.2985269,135.1756634,44.145,0,0
4.54,42.34916925,0,0,16.4036886,1.326967492,0,0,0,0,0.735,0,0,0,577.6327472,135.3974997,44.145,0,0
4.55,42.51320614,0,0,16.41679607,1.310746345,0,0,0,0,0.73,0,0,0,572.9857273,135.6168239,44.145,0,0
4.56,42.6773741,0,0,16.42974202,1.294595356,0,0,0,0,0.725,0,0,0,568.3572482,135.8336413,44.145,0,0
4.57,42.84167152,0,0,16.44252716,1.278513784,0,0,0,0,0.72,0,0,0,563.7470922,136.0479571,44.145,0,0
4.58,43.00609679,0,0,16.45515217,1.262500889,0,0,0,0,0.715,0,0,0,559.1550431,136.2597765,44.145,0,0
4.59,43.17064831,0,0,16.46761773,1.246555938,0,0,0,0,0.71,0,0,0,554.580886,136.4691046,44.145,0,0
4.6,43.33532449,0,0,16.47992451,1.230678204,0,0,0,0,0.705,0,0,0,550.0244076,136.6759465,44.145,0,0
4.61,43.50012373,0,0,16.49207318,1.214866961,0,0,0,0,0.7,0,0,0,545.4853958,136.8803076,44.145,0,0
4.62,43.66504447,0,0,16.50406439,1.199121491,0,0,0,0,0.695,0,0,0,540.9636401,137.0821928,44.145,0,0
4.63,43.83008511,0,0,16.5158988,1.183441079,0,0,0,0,0.69,0,0,0,536.458931,137.2816073,44.145,0,0
4.64,43.9952441,0,0,16.52757705,1.167825015,0,0,0,0,0.685,0,0,0,531.9710607,137.4785563,44.145,0,0
4.65,44.16051987,0,0,16.53909978,1.152272592,0,0,0,0,0.68,0,0,0,527.4998224,137.6730449,44.145,0,0
4.66,44.32591087,0,0,16.55046761,1.13678311,0,0,0,0,0.675,0,0,0,523.045011,137.8650781,44.145,0,0
4.67,44.49141554,0,0,16.56168117,1.121355871,0,0,0,0,0.67,0,0,0,518.6064222,138.054661,44.145,0,0
4.68,44.65703235,0,0,16.57274107,1.105990182,0,0,0,0,0.665,0,0,0,514.1838535,138.2417987,44.145,0,0
4.69,44.82275976,0,0,16.58364793,1.090685356,0,0,0,0,0.66,0,0,0,509.7771031,138.4264963,44.145,0,0
4.7,44.98859624,0,0,16.59440233,1.075440707,0,0,0,0,0.655,0,0,0,505.385971,138.6087588,44.145,0,0
4.71,45.15454027,0,0,16.60500489,1.060255556,0,0,0,0,0.65,0,0,0,501.0102581,138.7885911,44.145,0,0
4.72,45.32059032,0,0,16.61545618,1.045129227,0,0,0,0,0.645,0,0,0,496.6497665,138.9659984,44.145,0,0
4.73,45.48674488,0,0,16.62575679,1.030061047,0,0,0,0,0.64,0,0,0,492.3042996,139.1409856,44.145,0,0
4.74,45.65300245,0,0,16.63590729,1.015050348,0,0,0,0,0.635,0,0,0,487.9736621,139.3135576,44.145,0,0
4.75,45.81936152,0,0,16.64590826,1.000096467,0,0,0,0,0.63,0,0,0,483.6576596,139.4837194,44.145,0,0
4.76,45.9858206,0,0,16.65576025,0.985198744,0,0,0,0,0.625,0,0,0,479.3560991,139.6514759,44.145,0,0
4.77,46.1523782,0,0,16.66546381,0.970356522,0,0,0,0,0.62,0,0,0,475.0687887,139.8168321,44.145,0,0
4.78,46.31903284,0,0,16.6750195,0.955569149,0,0,0,0,0.615,0,0,0,470.7955375,139.9797928,44.145,0,0
4.79,46.48578304,0,0,16.68442786,0.9408359765,0,0,0,0,0.61,0,0,0,466.5361558,140.1403628,44.145,0,0
4.8,46.65262732,0,0,16.69368943,0.9261563598,0,0,0,0,0.605,0,0,0,462.290455,140.2985471,44.145,0,0
4.81,46.81956421,0,0,16.70280472,0.9115296577,0,0,0,0,0.6,0,0,0,458.0582477,140.4543504,44.145,0,0
4.82,46.98659226,0,0,16.71177428,0.8969552328,0,0,0,0,0.595,0,0,0,453.8393474,140.6077776,44.145,0,0
4.83,47.15371,0,0,16.7205986,0.8824324513,0,0,0,0,0.59,0,0,0,449.6335687,140.7588333,44.145,0,0
4.84,47.32091599,0,0,16.72927821,0.867960683,0,0,0,0,0.585,0,0,0,445.4407273,140.9075224,44.145,0,0
4.85,47.48820877,0,0,16.7378136,0.8535393012,0,0,0,0,0.58,0,0,0,441.26064,141.0538497,44.145,0,0
4.86,47.6555869,0,0,16.74620528,0.8391676826,0,0,0,0,0.575,0,0,0,437.0931245,141.1978197,44.145,0,0
4.87,47.82304896,0,0,16.75445373,0.8248452076,0,0,0,0,0.57,0,0,0,432.9379994,141.3394371,44.145,0,0
4.88,47.99059349,0,0,16.76255944,0.8105712598,0,0,0,0,0.565,0,0,0,428.7950847,141.4787068,44.145,0,0
4.89,48.15821909,0,0,16.77052289,0.7963452261,0,0,0,0,0.56,0,0,0,424.664201,141.6156331,44.145,0,0
4.9,48.32592432,0,0,16.77834456,0.7821664971,0,0,0,0,0.555,0,0,0,420.5451699,141.7502208,44.145,0,0
4.91,48.49370776,0,0,16.7860249,0.7680344661,0,0,0,0,0.55,0,0,0,416.4378143,141.8824744,44.145,0,0
4.92,48.66156801,0,0,16.79356439,0.7539485302,0,0,0,0,0.545,0,0,0,412.3419576,142.0123986,44.145,0,0
4.93,48.82950366,0,0,16.80096347,0.7399080893,0,0,0,0,0.54,0,0,0,408.2574245,142.1399977,44.145,0,0
4.94,48.99751329,0,0,16.80822259,0.7259125468,0,0,0,0,0.535,0,0,0,404.1840403,142.2652762,44.145,0,0
4.95,49.16559552,0,0,16.81534221,0.7119613089,0,0,0,0,0.53,0,0,0,400.1216315,142.3882388,44.145,0,0
4.96,49.33374894,0,0,16.82232275,0.6980537851,0,0,0,0,0.525,0,0,0,396.0700252,142.5088897,44.145,0,0
4.97,49.50197217,0,0,16.82916464,0.6841893878,0,0,0,0,0.52,0,0,0,392.0290498,142.6272335,44.145,0,0
4.98,49.67026381,0,0,16.83586832,0.6703675325,0,0,0,0,0.515,0,0,0,387.9985341,142.7432744,44.145,0,0
4.99,49.8386225,0,0,16.84243419,0.6565876376,0,0,0,0,0.51,0,0,0,383.9783081,142.8570168,44.145,0,0
5,50.00704684,0,0,16.84886268,0.6428491246,0,0,0,0,0.505,0,0,0,379.9682025,142.9684651,44.145,0,0
5.01,50.17553546,0,0,16.8551542,0.6291514175,0,0,0,0,0.5,0,0,0,375.9680488,143.0776235,44.145,0,0
5.02,50.34408701,0,0,16.86130914,0.6154939435,0,0,0,0,0.495,0,0,0,371.9776794,143.1844964,44.145,0,0
5.03,50.5127001,0,0,16.8673279,0.6018761326,0,0,0,0,0.49,0,0,0,367.9969276,143.2890879,44.145,0,0
5.04,50.68137338,0,0,16.87321087,0.5882974173,0,0,0,0,0.485,0,0,0,364.0256274,143.3914022,44.145,0,0
5.05,50.85010549,0,0,16.87895844,0.574757233,0,0,0,0,0.48,0,0,0,360.0636134,143.4914435,44.145,0,0
5.06,51.01889507,0,0,16.88457099,0.5612550179,0,0,0,0,0.475,0,0,0,356.1107214,143.589216,44.145,0,0
5.07,51.18774078,0,0,16.8900489,0.5477902128,0,0,0,0,0.47,0,0,0,352.1667876,143.6847238,44.145,0,0
5.08,51.35664127,0,0,16.89539252,0.5343622609,0,0,0,0,0.465,0,0,0,348.2316491,143.7779709,44.145,0,0
5.09,51.52559519,0,0,16.90060223,0.5209706082,0,0,0,0,0.46,0,0,0,344.3051438,143.8689613,44.145,0,0
5.1,51.69460122,0,0,16.90567837,0.5076147033,0,0,0,0,0.455,0,0,0,340.3871102,143.9576992,44.145,0,0
5.11,51.863658,0,0,16.91062131,0.4942939971,0,0,0,0,0.45,0,0,0,336.4773876,144.0441885,44.145,0,0
5.12,52.03276421,0,0,16.91543139,0.4810079433,0,0,0,0,0.445,0,0,0,332.575816,144.128433,44.145,0,0
5.13,52.20191853,0,0,16.92010895,0.4677559976,0,0,0,0,0.44,0,0,0,328.6822361,144.2104369,44.145,0,0
5.14,52.37111962,0,0,16.92465433,0.4545376184,0,0,0,0,0.435,0,0,0,324.7964893,144.2902038,44.145,0,0
5.15,52.54036616,0,0,16.92906785,0.4413522665,0,0,0,0,0.43,0,0,0,320.9184177,144.3677378,44.145,0,0
5.16,52.70965684,0,0,16.93334984,0.4281994049,0,0,0,0,0.425,0,0,0,317.047864,144.4430425,44.145,0,0
5.17,52.87899034,0,0,16.93750063,0.4150784989,0,0,0,0,0.42,0,0,0,313.1846715,144.5161218,44.145,0,0
5.18,53.04836534,0,0,16.94152052,0.4019890162,0,0,0,0,0.415,0,0,0,309.3286844,144.5869795,44.145,0,0
5.19,53.21778055,0,0,16.94540982,0.3889304265,0,0,0,0,0.41,0,0,0,305.4797472,144.6556192,44.145,0,0
5.2,53.38723465,0,0,16.94916885,0.3759022019,0,0,0,0,0.405,0,0,0,301.6377053,144.7220447,44.145,0,0
5.21,53.55672634,0,0,16.95279788,0.3629038166,0,0,0,0,0.4,0,0,0,297.8024046,144.7862596,44.145,0,0
5.22,53.72625431,0,0,16.95629723,0.3499347469,0,0,0,0,0.395,0,0,0,293.9736915,144.8482675,44.145,0,0
5.23,53.89581729,0,0,16.95966718,0.3369944712,0,0,0,0,0.39,0,0,0,290.1514133,144.908072,44.145,0,0
5.24,54.06541396,0,0,16.962908,0.3240824699,0,0,0,0,0.385,0,0,0,286.3354176,144.9656766,44.145,0,0
5.25,54.23504304,0,0,16.96601998,0.3111982255,0,0,0,0,0.38,0,0,0,282.5255526,145.0210849,44.145,0,0
5.26,54.40470324,0,0,16.9690034,0.2983412226,0,0,0,0,0.375,0,0,0,278.7216671,145.0743004,44.145,0,0
5.27,54.57439327,0,0,16.9718585,0.2855109474,0,0,0,0,0.37,0,0,0,274.9236106,145.1253264,44.145,0,0
5.28,54.74411186,0,0,16.97458557,0.2727068885,0,0,0,0,0.365,0,0,0,271.131233,145.1741665,44.145,0,0
5.29,54.91385771,0,0,16.97718486,0.2599285359,0,0,0,0,0.36,0,0,0,267.3443847,145.2208239,44.145,0,0
5.3,55.08362956,0,0,16.97965661,0.2471753819,0,0,0,0,0.355,0,0,0,263.5629167,145.2653021,44.145,0,0
5.31,55.25342613,0,0,16.98200108,0.2344469204,0,0,0,0,0.35,0,0,0,259.7866804,145.3076043,44.145,0,0
5.32,55.42324614,0,0,16.98421851,0.2217426469,0,0,0,0,0.345,0,0,0,256.0155279,145.3477338,44.145,0,0
5.33,55.59308832,0,0,16.98630913,0.2090620592,0,0,0,0,0.34,0,0,0,252.2493116,145.3856939,44.145,0,0
5.34,55.76295141,0,0,16.98827318,0.1964046562,0,0,0,0,0.335,0,0,0,248.4878846,145.4214877,44.145,0,0
5.35,55.93283415,0,0,16.99011088,0.183769939,0,0,0,0,0.33,0,0,0,244.7311001,145.4551184,44.145,0,0
5.36,56.10273526,0,0,16.99182245,0.1711574101,0,0,0,0,0.325,0,0,0,240.9788123,145.4865892,44.145,0,0
5.37,56.27265348,0,0,16.99340811,0.1585665736,0,0,0,0,0.32,0,0,0,237.2308753,145.5159032,44.145,0,0
5.38,56.44258756,0,0,16.99486808,0.1459969354,0,0,0,0,0.315,0,0,0,233.487144,145.5430634,44.145,0,0
5.39,56.61253624,0,0,16.99620256,0.1334480028,0,0,0,0,0.31,0,0,0,229.7474736,145.5680728,44.145,0,0
5.4,56.78249827,0,0,16.99741176,0.1209192848,0,0,0,0,0.305,0,0,0,226.0117198,145.5909344,44.145,0,0
5.41,56.95247238,0,0,16.99849586,0.1084102916,0,0,0,0,0.3,0,0,0,222.2797387,145.6116512,44.145,0,0
5.42,57.12245734,0,0,16.99945507,0.09592053521,0,0,0,0,0.295,0,0,0,218.5513868,145.6302262,44.145,0,0
5.43,57.29245189,0,0,17.00028956,0.08344952888,0,0,0,0,0.29,0,0,0,214.8265208,145.6466622,44.145,0,0
5.44,57.46245479,0,0,17.00099953,0.07099678736,0,0,0,0,0.285,0,0,0,211.1049982,145.660962,44.145,0,0
5.45,57.63246478,0,0,17.00158515,0.05856182673,0,0,0,0,0.28,0,0,0,207.3866764,145.6731284,44.145,0,0
5.46,57.80248064,0,0,17.00204659,0.04614416444,0,0,0,0,0.275,0,0,0,203.6714137,145.6831643,44.145,0,0
5.47,57.9725011,0,0,17.00238402,0.03374331926,0,0,0,0,0.27,0,0,0,199.9590682,145.6910725,44.145,0,0
5.48,58.14252494,0,0,17.00259761,0.02135881124,0,0,0,0,0.265,0,0,0,196.2494988,145.6968555,44.145,0,0
5.49,58.31255092,0,0,17.00268751,0.008990161696,0,0,0,0,0.26,0,0,0,192.5425646,145.700516,44.145,0,0
5.5,58.48257779,0,0,17.00265388,-0.003363106841,0,0,0,0,0.255,0,0,0,188.8381248,145.7020568,44.145,0,0
5.51,58.65260433,0,0,17.00249687,-0.01570147064,0,0,0,0,0.25,0,0,0,185.1360393,145.7014804,44.145,0,0
5.52,58.8226293,0,0,17.00221661,-0.0280254048,0,0,0,0,0.245,0,0,0,181.436168,145.6987894,44.145,0,0
5.53,58.99265147,0,0,17.00181326,-0.04033538328,0,0,0,0,0.24,0,0,0,177.7383713,145.6939863,44.145,0,0
5.54,59.1626696,0,0,17.00128694,-0.05263187895,0,0,0,0,0.235,0,0,0,174.04251,145.6870736,44.145,0,0
5.55,59.33268247,0,0,17.00063779,-0.06491536359,0,0,0,0,0.23,0,0,0,170.3484447,145.6780538,44.145,0,0
5.56,59.50268885,0,0,16.99986592,-0.07718630795,0,0,0,0,0.225,0,0,0,166.6560369,145.6669293,44.145,0,0
5.57,59.67268751,0,0,16.99897147,-0.08944518173,0,0,0,0,0.22,0,0,0,162.9651479,145.6537025,44.145,0,0
5.58,59.84267722,0,0,16.99795455,-0.1016924537,0,0,0,0,0.215,0,0,0,159.2756395,145.6383757,44.145,0,0
5.59,60.01265677,0,0,16.99681526,-0.1139285916,0,0,0,0,0.21,0,0,0,155.5873737,145.6209512,44.145,0,0
5.6,60.18262492,0,0,16.99555372,-0.1261540623,0,0,0,0,0.205,0,0,0,151.9002127,145.6014314,44.145,0,0
5.61,60.35258046,0,0,16.99417003,-0.1383693318,0,0,0,0,0.2,0,0,0,148.214019,145.5798185,44.145,0,0
5.62,60.52252216,0,0,16.99266428,-0.1505748651,0,0,0,0,0.195,0,0,0,144.5286552,145.5561147,44.145,0,0
5.63,60.6924488,0,0,16.99103657,-0.1627711265,0,0,0,0,0.19,0,0,0,140.8439842,145.5303222,44.145,0,0
5.64,60.86235916,0,0,16.98928698,-0.1749585794,0,0,0,0,0.185,0,0,0,137.1598693,145.5024431,44.145,0,0
5.65,61.03225203,0,0,16.9874156,-0.1871376865,0,0,0,0,0.18,0,0,0,133.4761736,145.4724795,44.145,0,0
5.66,61.20212619,0,0,16.98542251,-0.1993089097,0,0,0,0,0.175,0,0,0,129.7927607,145.4404336,44.145,0,0
5.67,61.37198042,0,0,16.98330779,-0.2114727102,0,0,0,0,0.17,0,0,0,126.1094943,145.4063073,44.145,0,0
5.68,61.54181349,0,0,16.98107149,-0.2236295484,0,0,0,0,0.165,0,0,0,122.4262382,145.3701027,44.145,0,0
5.69,61.71162421,0,0,16.97871369,-0.2357798842,0,0,0,0,0.16,0,0,0,118.7428564,145.3318217,44.145,0,0
5.7,61.88141135,0,0,16.97623445,-0.2479241768,0,0,0,0,0.155,0,0,0,115.0592132,145.2914662,44.145,0,0
5.71,62.05117369,0,0,16.97363382,-0.2600628848,0,0,0,0,0.15,0,0,0,111.3751728,145.2490382,44.145,0,0
5.72,62.22091003,0,0,16.97091186,-0.2721964662,0,0,0,0,0.145,0,0,0,107.6905997,145.2045395,44.145,0,0
5.73,62.39061915,0,0,16.9680686,-0.2843253784,0,0,0,0,0.14,0,0,0,104.0053585,145.157972,44.145,0,0
5.74,62.56029983,0,0,16.9651041,-0.2964500784,0,0,0,0,0.135,0,0,0,100.319314,145.1093375,44.145,0,0
5.75,62.72995087,0,0,16.96201839,-0.3085710226,0,0,0,0,0.13,0,0,0,96.63233086,145.0586376,44.145,0,0
5.76,62.89957106,0,0,16.95881151,-0.320688667,0,0,0,0,0.125,0,0,0,92.94427414,145.0058743,44.145,0,0
5.77,63.06915917,0,0,16.95548347,-0.3328034672,0,0,0,0,0.12,0,0,0,89.25500883,144.951049,44.145,0,0
5.78,63.23871401,0,0,16.95203431,-0.3449158783,0,0,0,0,0.115,0,0,0,85.56440006,144.8941636,44.145,0,0
5.79,63.40823435,0,0,16.94846405,-0.3570263551,0,0,0,0,0.11,0,0,0,81.87231301,144.8352195,44.145,0,0
5.8,63.57771899,0,0,16.9447727,-0.369135352,0,0,0,0,0.105,0,0,0,78.17861295,144.7742185,44.145,0,0
5.81,63.74716672,0,0,16.94096026,-0.3812433231,0,0,0,0,0.1,0,0,0,74.48316522,144.7111621,44.145,0,0
5.82,63.91657632,0,0,16.93702676,-0.3933507222,0,0,0,0,0.095,0,0,0,70.78583519,144.6460518,44.145,0,0
5.83,64.08594659,0,0,16.93297218,-0.4054580029,0,0,0,0,0.09,0,0,0,67.0864883,144.5788892,44.145,0,0
5.84,64.25527631,0,0,16.92879652,-0.4175656184,0,0,0,0,0.085,0,0,0,63.38499001,144.5096755,44.145,0,0
5.85,64.42456428,0,0,16.92449978,-0.4296740219,0,0,0,0,0.08,0,0,0,59.68120581,144.4384124,44.145,0,0
5.86,64.59380927,0,0,16.92008194,-0.4417836664,0,0,0,0,0.075,0,0,0,55.97500123,144.3651012,44.145,0,0
5.87,64.76301009,0,0,16.91554299,-0.4538950046,0,0,0,0,0.07,0,0,0,52.26624178,144.2897432,44.145,0,0
5.88,64.93216552,0,0,16.91088291,-0.4660084891,0,0,0,0,0.065,0,0,0,48.554793,144.2123397,44.145,0,0
5.89,65.10127435,0,0,16.90610166,-0.4781245726,0,0,0,0,0.06,0,0,0,44.84052041,144.1328922,44.145,0,0
5.9,65.27033537,0,0,16.90119922,-0.4902437075,0,0,0,0,0.055,0,0,0,41.12328953,144.0514018,44.145,0,0
5.91,65.43934736,0,0,16.89617556,-0.5023663464,0,0,0,0,0.05,0,0,0,37.40296584,143.9678698,44.145,0,0
5.92,65.60830912,0,0,16.89103063,-0.5144929416,0,0,0,0,0.045,0,0,0,33.6794148,143.8822973,44.145,0,0
5.93,65.77721942,0,0,16.88576439,-0.5266239458,0,0,0,0,0.04,0,0,0,29.95250183,143.7946856,44.145,0,0
5.94,65.94607707,0,0,16.88037679,-0.5387598113,0,0,0,0,0.035,0,0,0,26.22209232,143.7050357,44.145,0,0
5.95,66.11488083,0,0,16.87486778,-0.5509009909,0,0,0,0,0.03,0,0,0,22.48805157,143.6133488,44.145,0,0
5.96,66.28362951,0,0,16.8692373,-0.5630479372,0,0,0,0,0.025,0,0,0,18.75024484,143.519626,44.145,0,0
5.97,66.45232189,0,0,16.86348529,-0.5752011032,0,0,0,0,0.02,0,0,0,15.00853733,143.4238683,44.145,0,0
5.98,66.62095674,0,0,16.85761168,-0.5873609418,0,0,0,0,0.015,0,0,0,11.26279412,143.3260767,44.145,0,0
5.99,66.78953285,0,0,16.85161641,-0.5995279063,0,0,0,0,0.01,0,0,0,7.512880234,143.2262521,44.145,0,0
6,66.95804902,0,0,16.84549938,-0.6117024501,0,0,0,0,0.005,0,0,0,3.758660591,143.1243956,44.145,0,0
6.01,67.12650401,0,0,16.83926053,-0.623885027,0,0,0,0,0,0,0,0,0,143.0205081,44.145,0,0
6.02,67.29489662,0,0,16.83302521,-0.623531968,0,0,0,0,0,0,0,0,0,142.9145904,44.145,0,0
6.03,67.46322687,0,0,16.82679342,-0.6231792394,0,0,0,0,0,0,0,0,0,142.8087718,44.145,0,0
6.04,67.6314948,0,0,16.82056515,-0.6228268409,0,0,0,0,0,0,0,0,0,142.7030523,44.145,0,0
6.05,67.79970046,0,0,16.8143404,-0.6224747721,0,0,0,0,0,0,0,0,0,142.5974316,44.145,0,0
6.06,67.96784386,0,0,16.80811917,-0.6221230325,0,0,0,0,0,0,0,0,0,142.4919098,44.145,0,0
6.07,68.13592505,0,0,16.80190146,-0.6217716218,0,0,0,0,0,0,0,0,0,142.3864865,44.145,0,0
6.08,68.30394407,0,0,16.79568725,-0.6214205394,0,0,0,0,0,0,0,0,0,142.2811618,44.145,0,0
6.09,68.47190094,0,0,16.78947655,-0.6210697852,0,0,0,0,0,0,0,0,0,142.1759355,44.145,0,0
6.1,68.6397957,0,0,16.78326936,-0.6207193585,0,0,0,0,0,0,0,0,0,142.0708075,44.145,0,0
6.11,68.8076284,0,0,16.77706567,-0.620369259,0,0,0,0,0,0,0,0,0,141.9657777,44.145,0,0
6.12,68.97539905,0,0,16.77086547,-0.6200194864,0,0,0,0,0,0,0,0,0,141.8608459,44.145,0,0
6.13,69.14310771,0,0,16.76466877,-0.6196700401,0,0,0,0,0,0,0,0,0,141.756012,44.145,0,0
6.14,69.3107544,0,0,16.75847556,-0.6193209199,0,0,0,0,0,0,0,0,0,141.651276,44.145,0,0
6.15,69.47833915,0,0,16.75228584,-0.6189721253,0,0,0,0,0,0,0,0,0,141.5466376,44.145,0,0
6.16,69.64586201,0,0,16.7460996,-0.6186236559,0,0,0,0,0,0,0,0,0,141.4420968,44.145,0,0
6.17,69.81332301,0,0,16.73991685,-0.6182755113,0,0,0,0,0,0,0,0,0,141.3376534,44.145,0,0
6.18,69.98072218,0,0,16.73373757,-0.6179276911,0,0,0,0,0,0,0,0,0,141.2333073,44.145,0,0
6.19,70.14805955,0,0,16.72756177,-0.6175801949,0,0,0,0,0,0,0,0,0,141.1290585,44.145,0,0
6.2,70.31533517,0,0,16.72138944,-0.6172330223,0,0,0,0,0,0,0,0,0,141.0249067,44.145,0,0
6.21,70.48254906,0,0,16.71522058,-0.6168861729,0,0,0,0,0,0,0,0,0,140.9208519,44.145,0,0
6.22,70.64970127,0,0,16.70905518,-0.6165396463,0,0,0,0,0,0,0,0,0,140.8168939,44.145,0,0
6.23,70.81679182,0,0,16.70289325,-0.6161934421,0,0,0,0,0,0,0,0,0,140.7130326,44.145,0,0
6.24,70.98382075,0,0,16.69673477,-0.6158475599,0,0,0,0,0,0,0,0,0,140.609268,44.145,0,0
6.25,71.1507881,0,0,16.69057975,-0.6155019994,0,0,0,0,0,0,0,0,0,140.5055998,44.145,0,0
6.26,71.3176939,0,0,16.68442818,-0.6151567601,0,0,0,0,0,0,0,0,0,140.402028,44.145,0,0
6.27,71.48453818,0,0,16.67828007,-0.6148118416,0,0,0,0,0,0,0,0,0,140.2985525,44.145,0,0
6.28,71.65132098,0,0,16.67213539,-0.6144672436,0,0,0,0,0,0,0,0,0,140.1951731,44.145,0,0
6.29,71.81804234,0,0,16.66599416,-0.6141229656,0,0,0,0,0,0,0,0,0,140.0918897,44.145,0,0
6.3,71.98470228,0,0,16.65985637,-0.6137790072,0,0,0,0,0,0,0,0,0,139.9887022,44.145,0,0
6.31,72.15130084,0,0,16.65372202,-0.6134353682,0,0,0,0,0,0,0,0,0,139.8856104,44.145,0,0
6.32,72.31783806,0,0,16.6475911,-0.6130920479,0,0,0,0,0,0,0,0,0,139.7826144,44.145,0,0
6.33,72.48431397,0,0,16.64146361,-0.6127490462,0,0,0,0,0,0,0,0,0,139.6797139,44.145,0,0
6.34,72.65072861,0,0,16.63533955,-0.6124063625,0,0,0,0,0,0,0,0,0,139.5769088,44.145,0,0
6.35,72.817082,0,0,16.62921891,-0.6120639966,0,0,0,0,0,0,0,0,0,139.474199,44.145,0,0
6.36,72.98337419,0,0,16.62310169,-0.6117219479,0,0,0,0,0,0,0,0,0,139.3715844,44.145,0,0
6.37,73.14960521,0,0,16.61698788,-0.6113802162,0,0,0,0,0,0,0,0,0,139.2690649,44.145,0,0
6.38,73.31577509,0,0,16.6108775,-0.611038801,0,0,0,0,0,0,0,0,0,139.1666403,44.145,0,0
6.39,73.48188386,0,0,16.60477052,-0.610697702,0,0,0,0,0,0,0,0,0,139.0643106,44.145,0,0
6.4,73.64793157,0,0,16.59866695,-0.6103569187,0,0,0,0,0,0,0,0,0,138.9620756,44.145,0,0
6.41,73.81391824,0,0,16.59256678,-0.6100164507,0,0,0,0,0,0,0,0,0,138.8599352,44.145,0,0
6.42,73.97984391,0,0,16.58647002,-0.6096762978,0,0,0,0,0,0,0,0,0,138.7578893,44.145,0,0
6.43,74.14570861,0,0,16.58037666,-0.6093364595,0,0,0,0,0,0,0,0,0,138.6559378,44.145,0,0
6.44,74.31151237,0,0,16.57428669,-0.6089969354,0,0,0,0,0,0,0,0,0,138.5540806,44.145,0,0
6.45,74.47725524,0,0,16.56820011,-0.6086577251,0,0,0,0,0,0,0,0,0,138.4523175,44.145,0,0
6.46,74.64293724,0,0,16.56211692,-0.6083188282,0,0,0,0,0,0,0,0,0,138.3506485,44.145,0,0
6.47,74.80855841,0,0,16.55603712,-0.6079802445,0,0,0,0,0,0,0,0,0,138.2490733,44.145,0,0
6.48,74.97411878,0,0,16.5499607,-0.6076419734,0,0,0,0,0,0,0,0,0,138.147592,44.145,0,0
6.49,75.13961839,0,0,16.54388766,-0.6073040146,0,0,0,0,0,0,0,0,0,138.0462044,44.145,0,0
6.5,75.30505726,0,0,16.537818,-0.6069663678,0,0,0,0,0,0,0,0,0,137.9449103,44.145,0,0
6.51,75.47043544,0,0,16.53175171,-0.6066290325,0,0,0,0,0,0,0,0,0,137.8437097,44.145,0,0
6.52,75.63575296,0,0,16.52568879,-0.6062920083,0,0,0,0,0,0,0,0,0,137.7426025,44.145,0,0
6.53,75.80100985,0,0,16.51962923,-0.6059552949,0,0,0,0,0,0,0,0,0,137.6415885,44.145,0,0
6.54,75.96620614,0,0,16.51357304,-0.605618892,0,0,0,0,0,0,0,0,0,137.5406676,44.145,0,0
6.55,76.13134187,0,0,16.50752022,-0.6052827991,0,0,0,0,0,0,0,0,0,137.4398397,44.145,0,0
6.56,76.29641707,0,0,16.50147075,-0.6049470158,0,0,0,0,0,0,0,0,0,137.3391047,44.145,0,0
6.57,76.46143178,0,0,16.49542463,-0.6046115418,0,0,0,0,0,0,0,0,0,137.2384625,44.145,0,0
6.58,76.62638603,0,0,16.48938187,-0.6042763767,0,0,0,0,0,0,0,0,0,137.137913,44.145,0,0
6.59,76.79127985,0,0,16.48334245,-0.6039415201,0,0,0,0,0,0,0,0,0,137.037456,44.145,0,0
6.6,76.95611327,0,0,16.47730638,-0.6036069717,0,0,0,0,0,0,0,0,0,136.9370915,44.145,0,0
6.61,77.12088633,0,0,16.47127365,-0.603272731,0,0,0,0,0,0,0,0,0,136.8368193,44.145,0,0
6.62,77.28559907,0,0,16.46524427,-0.6029387977,0,0,0,0,0,0,0,0,0,136.7366393,44.145,0,0
6.63,77.45025151,0,0,16.45921821,-0.6026051715,0,0,0,0,0,0,0,0,0,136.6365515,44.145,0,0
6.64,77.6148437,0,0,16.4531955,-0.6022718519,0,0,0,0,0,0,0,0,0,136.5365556,44.145,0,0
6.65,77.77937565,0,0,16.44717611,-0.6019388386,0,0,0,0,0,0,0,0,0,136.4366516,44.145,0,0
6.66,77.94384741,0,0,16.44116005,-0.6016061312,0,0,0,0,0,0,0,0,0,136.3368394,44.145,0,0
6.67,78.10825901,0,0,16.43514731,-0.6012737294,0,0,0,0,0,0,0,0,0,136.2371188,44.145,0,0
6.68,78.27261049,0,0,16.42913789,-0.6009416327,0,0,0,0,0,0,0,0,0,136.1374898,44.145,0,0
6.69,78.43690186,0,0,16.42313179,-0.6006098408,0,0,0,0,0,0,0,0,0,136.0379522,44.145,0,0
6.7,78.60113318,0,0,16.41712901,-0.6002783533,0,0,0,0,0,0,0,0,0,135.938506,44.145,0,0
6.71,78.76530447,0,0,16.41112954,-0.5999471699,0,0,0,0,0,0,0,0,0,135.839151,44.145,0,0
6.72,78.92941577,0,0,16.40513338,-0.5996162902,0,0,0,0,0,0,0,0,0,135.7398871,44.145,0,0
6.73,79.0934671,0,0,16.39914052,-0.5992857138,0,0,0,0,0,0,0,0,0,135.6407142,44.145,0,0
6.74,79.25745851,0,0,16.39315096,-0.5989554404,0,0,0,0,0,0,0,0,0,135.5416321,44.145,0,0
6.75,79.42139002,0,0,16.38716471,-0.5986254696,0,0,0,0,0,0,0,0,0,135.4426409,44.145,0,0
6.76,79.58526166,0,0,16.38118175,-0.598295801,0,0,0,0,0,0,0,0,0,135.3437403,44.145,0,0
6.77,79.74907348,0,0,16.37520209,-0.5979664342,0,0,0,0,0,0,0,0,0,135.2449303,44.145,0,0
6.78,79.9128255,0,0,16.36922571,-0.5976373689,0,0,0,0,0,0,0,0,0,135.1462107,44.145,0,0
6.79,80.07651776,0,0,16.36325263,-0.5973086048,0,0,0,0,0,0,0,0,0,135.0475814,44.145,0,0
6.8,80.24015029,0,0,16.35728283,-0.5969801414,0,0,0,0,0,0,0,0,0,134.9490424,44.145,0,0
6.81,80.40372311,0,0,16.35131631,-0.5966519785,0,0,0,0,0,0,0,0,0,134.8505935,44.145,0,0
6.82,80.56723628,0,0,16.34535307,-0.5963241155,0,0,0,0,0,0,0,0,0,134.7522347,44.145,0,0
6.83,80.73068981,0,0,16.3393931,-0.5959965523,0,0,0,0,0,0,0,0,0,134.6539657,44.145,0,0
6.84,80.89408374,0,0,16.33343641,-0.5956692884,0,0,0,0,0,0,0,0,0,134.5557865,44.145,0,0
6.85,81.0574181,0,0,16.32748298,-0.5953423234,0,0,0,0,0,0,0,0,0,134.457697,44.145,0,0
6.86,81.22069293,0,0,16.32153283,-0.595015657,0,0,0,0,0,0,0,0,0,134.3596971,44.145,0,0
6.87,81.38390826,0,0,16.31558593,-0.5946892889,0,0,0,0,0,0,0,0,0,134.2617867,44.145,0,0
6.88,81.54706412,0,0,16.3096423,-0.5943632186,0,0,0,0,0,0,0,0,0,134.1639656,44.145,0,0
6.89,81.71016054,0,0,16.30370193,-0.5940374458,0,0,0,0,0,0,0,0,0,134.0662337,44.145,0,0
6.9,81.87319756,0,0,16.29776481,-0.5937119702,0,0,0,0,0,0,0,0,0,133.9685911,44.145,0,0
6.91,82.03617521,0,0,16.29183094,-0.5933867914,0,0,0,0,0,0,0,0,0,133.8710374,44.145,0,0
6.92,82.19909352,0,0,16.28590032,-0.5930619091,0,0,0,0,0,0,0,0,0,133.7735727,44.145,0,0
6.93,82.36195252,0,0,16.27997295,-0.5927373228,0,0,0,0,0,0,0,0,0,133.6761968,44.145,0,0
6.94,82.52475225,0,0,16.27404882,-0.5924130322,0,0,0,0,0,0,0,0,0,133.5789097,44.145,0,0
6.95,82.68749274,0,0,16.26812793,-0.5920890371,0,0,0,0,0,0,0,0,0,133.4817111,44.145,0,0
6.96,82.85017402,0,0,16.26221027,-0.5917653369,0,0,0,0,0,0,0,0,0,133.3846011,44.145,0,0
6.97,83.01279612,0,0,16.25629585,-0.5914419314,0,0,0,0,0,0,0,0,0,133.2875794,44.145,0,0
6.98,83.17535908,0,0,16.25038467,-0.5911188203,0,0,0,0,0,0,0,0,0,133.1906461,44.145,0,0
6.99,83.33786293,0,0,16.24447671,-0.590796003,0,0,0,0,0,0,0,0,0,133.0938009,44.145,0,0
7,83.5003077,0,0,16.23857197,-0.5904734794,0,0,0,0,0,0,0,0,0,132.9970438,44.145,0,0
7.01,83.66269341,0,0,16.23267046,-0.5901512491,0,0,0,0,0,0,0,0,0,132.9003747,44.145,0,0
7.02,83.82502012,0,0,16.22677217,-0.5898293116,0,0,0,0,0,0,0,0,0,132.8037935,44.145,0,0
7.03,83.98728784,0,0,16.22087709,-0.5895076667,0,0,0,0,0,0,0,0,0,132.7073,44.145,0,0
7.04,84.14949661,0,0,16.21498523,-0.589186314,0,0,0,0,0,0,0,0,0,132.6108942,44.145,0,0
7.05,84.31164646,0,0,16.20909657,-0.5888652531,0,0,0,0,0,0,0,0,0,132.5145759,44.145,0,0
7.06,84.47373743,0,0,16.20321113,-0.5885444837,0,0,0,0,0,0,0,0,0,132.4183451,44.145,0,0
7.07,84.63576954,0,0,16.19732889,-0.5882240055,0,0,0,0,0,0,0,0,0,132.3222016,44.145,0,0
7.08,84.79774283,0,0,16.19144985,-0.5879038181,0,0,0,0,0,0,0,0,0,132.2261454,44.145,0,0
7.09,84.95965733,0,0,16.18557401,-0.5875839211,0,0,0,0,0,0,0,0,0,132.1301763,44.145,0,0
7.1,85.12151307,0,0,16.17970137,-0.5872643142,0,0,0,0,0,0,0,0,0,132.0342943,44.145,0,0
7.11,85.28331008,0,0,16.17383192,-0.5869449971,0,0,0,0,0,0,0,0,0,131.9384991,44.145,0,0
7.12,85.4450484,0,0,16.16796566,-0.5866259694,0,0,0,0,0,0,0,0,0,131.8427908,44.145,0,0
7.13,85.60672806,0,0,16.16210259,-0.5863072307,0,0,0,0,0,0,0,0,0,131.7471692,44.145,0,0
7.14,85.76834908,0,0,16.1562427,-0.5859887808,0,0,0,0,0,0,0,0,0,131.6516342,44.145,0,0
7.15,85.92991151,0,0,16.15038599,-0.5856706193,0,0,0,0,0,0,0,0,0,131.5561858,44.145,0,0
7.16,86.09141537,0,0,16.14453246,-0.5853527457,0,0,0,0,0,0,0,0,0,131.4608237,44.145,0,0
7.17,86.2528607,0,0,16.13868211,-0.5850351599,0,0,0,0,0,0,0,0,0,131.365548,44.145,0,0
7.18,86.41424752,0,0,16.13283493,-0.5847178614,0,0,0,0,0,0,0,0,0,131.2703584,44.145,0,0
7.19,86.57557587,0,0,16.12699093,-0.5844008499,0,0,0,0,0,0,0,0,0,131.175255,44.145,0,0
7.2,86.73684578,0,0,16.12115008,-0.584084125,0,0,0,0,0,0,0,0,0,131.0802375,44.145,0,0
7.21,86.89805728,0,0,16.11531241,-0.5837676865,0,0,0,0,0,0,0,0,0,130.985306,44.145,0,0
7.22,87.0592104,0,0,16.10947789,-0.5834515339,0,0,0,0,0,0,0,0,0,130.8904602,44.145,0,0
7.23,87.22030518,0,0,16.10364654,-0.583135667,0,0,0,0,0,0,0,0,0,130.7957001,44.145,0,0
7.24,87.38134164,0,0,16.09781834,-0.5828200854,0,0,0,0,0,0,0,0,0,130.7010256,44.145,0,0
7.25,87.54231983,0,0,16.09199329,-0.5825047887,0,0,0,0,0,0,0,0,0,130.6064366,44.145,0,0
7.26,87.70323976,0,0,16.08617139,-0.5821897766,0,0,0,0,0,0,0,0,0,130.511933,44.145,0,0
7.27,87.86410147,0,0,16.08035264,-0.5818750488,0,0,0,0,0,0,0,0,0,130.4175146,44.145,0,0
7.28,88.024905,0,0,16.07453703,-0.5815606049,0,0,0,0,0,0,0,0,0,130.3231815,44.145,0,0
7.29,88.18565037,0,0,16.06872457,-0.5812464446,0,0,0,0,0,0,0,0,0,130.2289334,44.145,0,0
7.3,88.34633762,0,0,16.06291524,-0.5809325676,0,0,0,0,0,0,0,0,0,130.1347703,44.145,0,0
7.31,88.50696677,0,0,16.05710905,-0.5806189734,0,0,0,0,0,0,0,0,0,130.040692,44.145,0,0
7.32,88.66753786,0,0,16.051306,-0.5803056619,0,0,0,0,0,0,0,0,0,129.9466986,44.145,0,0
7.33,88.82805092,0,0,16.04550607,-0.5799926326,0,0,0,0,0,0,0,0,0,129.8527898,44.145,0,0
7.34,88.98850598,0,0,16.03970927,-0.5796798853,0,0,0,0,0,0,0,0,0,129.7589656,44.145,0,0
7.35,89.14890307,0,0,16.0339156,-0.5793674195,0,0,0,0,0,0,0,0,0,129.6652258,44.145,0,0
7.36,89.30924223,0,0,16.02812504,-0.579055235,0,0,0,0,0,0,0,0,0,129.5715705,44.145,0,0
7.37,89.46952348,0,0,16.02233761,-0.5787433313,0,0,0,0,0,0,0,0,0,129.4779994,44.145,0,0
7.38,89.62974686,0,0,16.01655329,-0.5784317083,0,0,0,0,0,0,0,0,0,129.3845125,44.145,0,0
7.39,89.78991239,0,0,16.01077209,-0.5781203654,0,0,0,0,0,0,0,0,0,129.2911096,44.145,0,0
7.4,89.95002011,0,0,16.004994,-0.5778093025,0,0,0,0,0,0,0,0,0,129.1977908,44.145,0,0
7.41,90.11007005,0,0,15.99921901,-0.5774985192,0,0,0,0,0,0,0,0,0,129.1045558,44.145,0,0
7.42,90.27006224,0,0,15.99344713,-0.5771880151,0,0,0,0,0,0,0,0,0,129.0114045,44.145,0,0
7.43,90.42999671,0,0,15.98767835,-0.57687779,0,0,0,0,0,0,0,0,0,128.918337,44.145,0,0
7.44,90.58987349,0,0,15.98191268,-0.5765678434,0,0,0,0,0,0,0,0,0,128.825353,44.145,0,0
7.45,90.74969262,0,0,15.97615009,-0.5762581751,0,0,0,0,0,0,0,0,0,128.7324525,44.145,0,0
7.46,90.90945412,0,0,15.97039061,-0.5759487847,0,0,0,0,0,0,0,0,0,128.6396354,44.145,0,0
7.47,91.06915803,0,0,15.96463421,-0.5756396719,0,0,0,0,0,0,0,0,0,128.5469016,44.145,0,0
7.48,91.22880437,0,0,15.9588809,-0.5753308364,0,0,0,0,0,0,0,0,0,128.4542509,44.145,0,0
7.49,91.38839318,0,0,15.95313068,-0.5750222778,0,0,0,0,0,0,0,0,0,128.3616833,44.145,0,0
7.5,91.54792449,0,0,15.94738354,-0.5747139958,0,0,0,0,0,0,0,0,0,128.2691987,44.145,0,0
7.51,91.70739832,0,0,15.94163948,-0.5744059901,0,0,0,0,0,0,0,0,0,128.176797,44.145,0,0
7.52,91.86681472,0,0,15.9358985,-0.5740982604,0,0,0,0,0,0,0,0,0,128.0844781,44.145,0,0
7.53,92.0261737,0,0,15.93016059,-0.5737908063,0,0,0,0,0,0,0,0,0,127.9922419,44.145,0,0
7.54,92.18547531,0,0,15.92442575,-0.5734836275,0,0,0,0,0,0,0,0,0,127.9000882,44.145,0,0
7.55,92.34471956,0,0,15.91869398,-0.5731767237,0,0,0,0,0,0,0,0,0,127.8080171,44.145,0,0
7.56,92.5039065,0,0,15.91296528,-0.5728700945,0,0,0,0,0,0,0,0,0,127.7160284,44.145,0,0
7.57,92.66303616,0,0,15.90723965,-0.5725637397,0,0,0,0,0,0,0,0,0,127.6241219,44.145,0,0
7.58,92.82210855,0,0,15.90151707,-0.5722576589,0,0,0,0,0,0,0,0,0,127.5322977,44.145,0,0
7.59,92.98112372,0,0,15.89579755,-0.5719518518,0,0,0,0,0,0,0,0,0,127.4405555,44.145,0,0
7.6,93.1400817,0,0,15.89008109,-0.571646318,0,0,0,0,0,0,0,0,0,127.3488954,44.145,0,0
7.61,93.29898251,0,0,15.88436768,-0.5713410573,0,0,0,0,0,0,0,0,0,127.2573172,44.145,0,0
7.62,93.45782619,0,0,15.87865732,-0.5710360693,0,0,0,0,0,0,0,0,0,127.1658208,44.145,0,0
7.63,93.61661276,0,0,15.87295,-0.5707313537,0,0,0,0,0,0,0,0,0,127.0744061,44.145,0,0
7.64,93.77534226,0,0,15.86724573,-0.5704269102,0,0,0,0,0,0,0,0,0,126.9830731,44.145,0,0
7.65,93.93401472,0,0,15.86154451,-0.5701227385,0,0,0,0,0,0,0,0,0,126.8918215,44.145,0,0
7.66,94.09263016,0,0,15.85584632,-0.5698188381,0,0,0,0,0,0,0,0,0,126.8006514,44.145,0,0
7.67,94.25118863,0,0,15.85015117,-0.5695152089,0,0,0,0,0,0,0,0,0,126.7095627,44.145,0,0
7.68,94.40969014,0,0,15.84445905,-0.5692118505,0,0,0,0,0,0,0,0,0,126.6185552,44.145,0,0
7.69,94.56813473,0,0,15.83876996,-0.5689087626,0,0,0,0,0,0,0,0,0,126.5276288,44.145,0,0
7.7,94.72652243,0,0,15.8330839,-0.5686059449,0,0,0,0,0,0,0,0,0,126.4367835,44.145,0,0
7.71,94.88485327,0,0,15.82740087,-0.5683033969,0,0,0,0,0,0,0,0,0,126.3460191,44.145,0,0
7.72,95.04312728,0,0,15.82172086,-0.5680011186,0,0,0,0,0,0,0,0,0,126.2553356,44.145,0,0
7.73,95.20134448,0,0,15.81604386,-0.5676991094,0,0,0,0,0,0,0,0,0,126.1647328,44.145,0,0
7.74,95.35950492,0,0,15.81036989,-0.5673973691,0,0,0,0,0,0,0,0,0,126.0742107,44.145,0,0
7.75,95.51760862,0,0,15.80469893,-0.5670958974,0,0,0,0,0,0,0,0,0,125.9837692,44.145,0,0
7.76,95.67565561,0,0,15.79903098,-0.566794694,0,0,0,0,0,0,0,0,0,125.8934082,44.145,0,0
7.77,95.83364592,0,0,15.79336605,-0.5664937585,0,0,0,0,0,0,0,0,0,125.8031275,44.145,0,0
7.78,95.99157958,0,0,15.78770412,-0.5661930906,0,0,0,0,0,0,0,0,0,125.7129272,44.145,0,0
7.79,96.14945662,0,0,15.78204519,-0.5658926901,0,0,0,0,0,0,0,0,0,125.622807,44.145,0,0
7.8,96.30727707,0,0,15.77638926,-0.5655925566,0,0,0,0,0,0,0,0,0,125.532767,44.145,0,0
7.81,96.46504097,0,0,15.77073634,-0.5652926898,0,0,0,0,0,0,0,0,0,125.4428069,44.145,0,0
7.82,96.62274833,0,0,15.76508641,-0.5649930893,0,0,0,0,0,0,0,0,0,125.3529268,44.145,0,0
7.83,96.7803992,0,0,15.75943947,-0.564693755,0,0,0,0,0,0,0,0,0,125.2631265,44.145,0,0
7.84,96.93799359,0,0,15.75379552,-0.5643946864,0,0,0,0,0,0,0,0,0,125.1734059,44.145,0,0
7.85,97.09553154,0,0,15.74815456,-0.5640958832,0,0,0,0,0,0,0,0,0,125.083765,44.145,0,0
7.86,97.25301309,0,0,15.74251659,-0.5637973452,0,0,0,0,0,0,0,0,0,124.9942036,44.145,0,0
7.87,97.41043826,0,0,15.7368816,-0.563499072,0,0,0,0,0,0,0,0,0,124.9047216,44.145,0,0
7.88,97.56780707,0,0,15.73124959,-0.5632010633,0,0,0,0,0,0,0,0,0,124.815319,44.145,0,0
7.89,97.72511957,0,0,15.72562055,-0.5629033188,0,0,0,0,0,0,0,0,0,124.7259957,44.145,0,0
7.9,97.88237577,0,0,15.7199945,-0.5626058383,0,0,0,0,0,0,0,0,0,124.6367515,44.145,0,0
7.91,98.03957572,0,0,15.71437141,-0.5623086213,0,0,0,0,0,0,0,0,0,124.5475864,44.145,0,0
7.92,98.19671943,0,0,15.70875129,-0.5620116676,0,0,0,0,0,0,0,0,0,124.4585003,44.145,0,0
7.93,98.35380695,0,0,15.70313414,-0.5617149769,0,0,0,0,0,0,0,0,0,124.3694931,44.145,0,0
7.94,98.51083829,0,0,15.69751996,-0.5614185488,0,0,0,0,0,0,0,0,0,124.2805647,44.145,0,0
7.95,98.66781349,0,0,15.69190873,-0.5611223832,0,0,0,0,0,0,0,0,0,124.191715,44.145,0,0
7.96,98.82473257,0,0,15.68630047,-0.5608264795,0,0,0,0,0,0,0,0,0,124.1029439,44.145,0,0
7.97,98.98159558,0,0,15.68069516,-0.5605308377,0,0,0,0,0,0,0,0,0,124.0142513,44.145,0,0
7.98,99.13840253,0,0,15.67509281,-0.5602354572,0,0,0,0,0,0,0,0,0,123.9256372,44.145,0,0
7.99,99.29515346,0,0,15.6694934,-0.559940338,0,0,0,0,0,0,0,0,0,123.8371014,44.145,0,0
8,99.45184839,0,0,15.66389695,-0.5596454795,0,0,0,0,0,0,0,0,0,123.7486439,44.145,0,0
